article_id,source_site,source_type,category,article_url,canonical_url,article_slug,article_title,brand,target_flavor,matched_brand_dictionary_value,published_date,updated_date,author,description,main_text,headings,paragraphs,recommended_mix_section_found,recommended_mix_heading,recommended_mix_text,scraped_at,html_sha256
lagos_af-watermelon-review,shisha_lagos,editorial_review,フレーバーレビュー,https://shisha-lagos.com/af-watermelon-review/,https://shisha-lagos.com/af-watermelon-review/,af-watermelon-review,Al Fakherスイカのフレーバーレビュー|特徴やおすすめミックスなど,Al Fakher,スイカ,AL FAKHER(アルファーヘル)   シーシャフレーバー 50g,2025.12.10,2025.01.09,nkou1213,Al Fakherには多数のフレーバーがありますが、その中でもスイカは特にシーシャの本場である、中東での人気が高いです。中東で人気のフレーバーといえば、ミントやツーアップルが挙げられますが、スイカはそれらに並ぶ人気といえます。中東で人気のAl Fakherのスイカとはどのようなフレーバーなの,"Al Fakherには多数のフレーバーがありますが、その中でもスイカは特にシーシャの本場である、中東での人気が高いです。
中東で人気のフレーバーといえば、ミントやツーアップルが挙げられますが、スイカはそれらに並ぶ人気 といえます。中東で人気のAl Fakherのスイカとはどのようなフレーバーなのか、特徴やおすすめミックスなどを参考に知っていきましょう。
まずはAl Fakherのスイカがどのような特徴を持つのか、温度別の違いから知っていきましょう。
温度 / 味の変化
中低温 / 瓜っぽさ/スイカの白い部分の味/ややゴム臭
高温 / やや瓜っぽさ/果肉に近い甘み
Al Fakherのスイカは、日本でイメージされるスイカと比較すると、ややさっぱりした味わいです。Al Fakherで再現されているのは中東のスイカであり、日本のものと比べると糖度が低く、瓜っぽい風味が強くなります。
中東におけるスイカという面では再現度は高いものの、 日本のスイカのようにしっかり甘いわけではないことは理解しておきましょう。 温度を上げ、しっかりと熱が入ることで甘みも出てきますが、それでも瓜っぽさは残ります。
ただし、低い温度における瓜っぽさはゴム臭やえぐみを伴うものであり、温度を上げるほど甘さは強くなり、日本でイメージされるスイカに近くなることは覚えておきましょう。
Al Fakherは中東系のフレーバーであるため、基本的にはどのフレーバーも重く、しっかりとした吸いごたえがあります。
とても重い / ミント/ツーアップル
かなり重い / グレープフルーツ/グレナデン スイカ /メロン/レモン
やや重い / ブルーベリー/ストロベリー/キウイ オレンジ/ピーチ マンゴー/グアバ/グレープ/ローズ
重い / ココナッツ/バニラ/カルダモン チョコレート/カプチーノ
スイカはAl Fakherの中でもかなり重いフレーバーであり、強烈な吸いごたえがあります。温度を上げる段階で強いキック感とイガりが出るため、吸い出しがきついフレーバーといえるでしょう。
また、他のAl Fakherのフレーバーと比較すると火が通りにくいケースも多く、立ち上げに時間がかかる場合もあります。 重い状態で辛抱強く吸い出しをしなければならないため、慣れていない人だと吸い出しでくらってしまう可能性もある でしょう。
高い温度まで上げたほうがよいフレーバーではあるものの、一気に高火力で作るよりは一定の温度でじっくり作るほうがまろやかな仕上がりになります。重さや吸いづらさから吸い出しの難易度は高く、中上級者向けのフレーバーといえるでしょう。
Al Fakherのスイカは、さまざまなフレーバーとミックスして楽しむことができます。
フルーツ系 / スイーツ系 / スパイス系
レモン/オレンジ ライム/グアバ メロン/マンゴー / バニラ チョコレート / カルダモン シナモン
柑橘系と相性がよく、爽やかに吸いたい人はシトラス系のミックスがおすすめです。 甘いスイカにしたいならメロンを、瓜っぽさを強調したいなら同じく青みのあるマンゴーやグアバとミックスするとよい でしょう。
スイーツ系ではバニラだけではなく、意外にもチョコレートとミックスしてもおもしろいです。ミックスの配合次第ではスイカバーのような味を作ることができ、意外性のあるミックスが好きな方にはおすすめです。
スパイス系ではカルダモンやシナモンと相性がよく、特にカルダモンは味のまとまりがよくなります。実際にスイカとカルダモンをミックスしたフレーバーも過去に販売されており、オーソドックスな味わいのシーシャが好きなら、ぜひ一度お試しください。
Al Fakherのスイカはかなり吸いごたえのあるフレーバーであり、1本のシーシャで高い満足度を得られます。中東ならではの瓜っぽさはあるものの、ミックス次第では甘さを引き出すこともできます。混ぜるフレーバーや火の入れ方によって変化が大きいフレーバーであるため、さまざまな作り方を試してみるのも楽しいでしょう。","[{""heading_level"": 2, ""heading_text"": ""Al Fakherスイカの特徴""}, {""heading_level"": 2, ""heading_text"": ""Al Fakherスイカの重さは?""}, {""heading_level"": 2, ""heading_text"": ""Al Fakherスイカのおすすめミックス""}, {""heading_level"": 2, ""heading_text"": ""Al Fakherのスイカは吸いごたえ充分""}]","[{""paragraph_index"": 1, ""heading_level"": """", ""section_heading"": """", ""paragraph_text"": ""Al Fakherには多数のフレーバーがありますが、その中でもスイカは特にシーシャの本場である、中東での人気が高いです。"", ""is_recommended_mix_section"": false}, {""paragraph_index"": 2, ""heading_level"": """", ""section_heading"": """", ""paragraph_text"": ""中東で人気のフレーバーといえば、ミントやツーアップルが挙げられますが、スイカはそれらに並ぶ人気 といえます。中東で人気のAl Fakherのスイカとはどのようなフレーバーなのか、特徴やおすすめミックスなどを参考に知っていきましょう。"", ""is_recommended_mix_section"": false}, {""paragraph_index"": 3, ""heading_level"": 2, ""section_heading"": ""Al Fakherスイカの特徴"", ""paragraph_text"": ""まずはAl Fakherのスイカがどのような特徴を持つのか、温度別の違いから知っていきましょう。"", ""is_recommended_mix_section"": false}, {""paragraph_index"": 4, ""heading_level"": 2, ""section_heading"": ""Al Fakherスイカの特徴"", ""paragraph_text"": ""温度 / 味の変化"", ""is_recommended_mix_section"": false}, {""paragraph_index"": 5, ""heading_level"": 2, ""section_heading"": ""Al Fakherスイカの特徴"", ""paragraph_text"": ""中低温 / 瓜っぽさ/スイカの白い部分の味/ややゴム臭"", ""is_recommended_mix_section"": false}, {""paragraph_index"": 6, ""heading_level"": 2, ""section_heading"": ""Al Fakherスイカの特徴"", ""paragraph_text"": ""高温 / やや瓜っぽさ/果肉に近い甘み"", ""is_recommended_mix_section"": false}, {""paragraph_index"": 7, ""heading_level"": 2, ""section_heading"": ""Al Fakherスイカの特徴"", ""paragraph_text"": ""Al Fakherのスイカは、日本でイメージされるスイカと比較すると、ややさっぱりした味わいです。Al Fakherで再現されているのは中東のスイカであり、日本のものと比べると糖度が低く、瓜っぽい風味が強くなります。"", ""is_recommended_mix_section"": false}, {""paragraph_index"": 8, ""heading_level"": 2, ""section_heading"": ""Al Fakherスイカの特徴"", ""paragraph_text"": ""中東におけるスイカという面では再現度は高いものの、 日本のスイカのようにしっかり甘いわけではないことは理解しておきましょう。 温度を上げ、しっかりと熱が入ることで甘みも出てきますが、それでも瓜っぽさは残ります。"", ""is_recommended_mix_section"": false}, {""paragraph_index"": 9, ""heading_level"": 2, ""section_heading"": ""Al Fakherスイカの特徴"", ""paragraph_text"": ""ただし、低い温度における瓜っぽさはゴム臭やえぐみを伴うものであり、温度を上げるほど甘さは強くなり、日本でイメージされるスイカに近くなることは覚えておきましょう。"", ""is_recommended_mix_section"": false}, {""paragraph_index"": 10, ""heading_level"": 2, ""section_heading"": ""Al Fakherスイカの重さは?"", ""paragraph_text"": ""Al Fakherは中東系のフレーバーであるため、基本的にはどのフレーバーも重く、しっかりとした吸いごたえがあります。"", ""is_recommended_mix_section"": false}, {""paragraph_index"": 11, ""heading_level"": 2, ""section_heading"": ""Al Fakherスイカの重さは?"", ""paragraph_text"": ""とても重い / ミント/ツーアップル"", ""is_recommended_mix_section"": false}, {""paragraph_index"": 12, ""heading_level"": 2, ""section_heading"": ""Al Fakherスイカの重さは?"", ""paragraph_text"": ""かなり重い / グレープフルーツ/グレナデン スイカ /メロン/レモン"", ""is_recommended_mix_section"": false}, {""paragraph_index"": 13, ""heading_level"": 2, ""section_heading"": ""Al Fakherスイカの重さは?"", ""paragraph_text"": ""やや重い / ブルーベリー/ストロベリー/キウイ オレンジ/ピーチ マンゴー/グアバ/グレープ/ローズ"", ""is_recommended_mix_section"": false}, {""paragraph_index"": 14, ""heading_level"": 2, ""section_heading"": ""Al Fakherスイカの重さは?"", ""paragraph_text"": ""重い / ココナッツ/バニラ/カルダモン チョコレート/カプチーノ"", ""is_recommended_mix_section"": false}, {""paragraph_index"": 15, ""heading_level"": 2, ""section_heading"": ""Al Fakherスイカの重さは?"", ""paragraph_text"": ""スイカはAl Fakherの中でもかなり重いフレーバーであり、強烈な吸いごたえがあります。温度を上げる段階で強いキック感とイガりが出るため、吸い出しがきついフレーバーといえるでしょう。"", ""is_recommended_mix_section"": false}, {""paragraph_index"": 16, ""heading_level"": 2, ""section_heading"": ""Al Fakherスイカの重さは?"", ""paragraph_text"": ""また、他のAl Fakherのフレーバーと比較すると火が通りにくいケースも多く、立ち上げに時間がかかる場合もあります。 重い状態で辛抱強く吸い出しをしなければならないため、慣れていない人だと吸い出しでくらってしまう可能性もある でしょう。"", ""is_recommended_mix_section"": false}, {""paragraph_index"": 17, ""heading_level"": 2, ""section_heading"": ""Al Fakherスイカの重さは?"", ""paragraph_text"": ""高い温度まで上げたほうがよいフレーバーではあるものの、一気に高火力で作るよりは一定の温度でじっくり作るほうがまろやかな仕上がりになります。重さや吸いづらさから吸い出しの難易度は高く、中上級者向けのフレーバーといえるでしょう。"", ""is_recommended_mix_section"": false}, {""paragraph_index"": 18, ""heading_level"": 2, ""section_heading"": ""Al Fakherスイカのおすすめミックス"", ""paragraph_text"": ""Al Fakherのスイカは、さまざまなフレーバーとミックスして楽しむことができます。"", ""is_recommended_mix_section"": true}, {""paragraph_index"": 19, ""heading_level"": 2, ""section_heading"": ""Al Fakherスイカのおすすめミックス"", ""paragraph_text"": ""フルーツ系 / スイーツ系 / スパイス系"", ""is_recommended_mix_section"": true}, {""paragraph_index"": 20, ""heading_level"": 2, ""section_heading"": ""Al Fakherスイカのおすすめミックス"", ""paragraph_text"": ""レモン/オレンジ ライム/グアバ メロン/マンゴー / バニラ チョコレート / カルダモン シナモン"", ""is_recommended_mix_section"": true}, {""paragraph_index"": 21, ""heading_level"": 2, ""section_heading"": ""Al Fakherスイカのおすすめミックス"", ""paragraph_text"": ""柑橘系と相性がよく、爽やかに吸いたい人はシトラス系のミックスがおすすめです。 甘いスイカにしたいならメロンを、瓜っぽさを強調したいなら同じく青みのあるマンゴーやグアバとミックスするとよい でしょう。"", ""is_recommended_mix_section"": true}, {""paragraph_index"": 22, ""heading_level"": 2, ""section_heading"": ""Al Fakherスイカのおすすめミックス"", ""paragraph_text"": ""スイーツ系ではバニラだけではなく、意外にもチョコレートとミックスしてもおもしろいです。ミックスの配合次第ではスイカバーのような味を作ることができ、意外性のあるミックスが好きな方にはおすすめです。"", ""is_recommended_mix_section"": true}, {""paragraph_index"": 23, ""heading_level"": 2, ""section_heading"": ""Al Fakherスイカのおすすめミックス"", ""paragraph_text"": ""スパイス系ではカルダモンやシナモンと相性がよく、特にカルダモンは味のまとまりがよくなります。実際にスイカとカルダモンをミックスしたフレーバーも過去に販売されており、オーソドックスな味わいのシーシャが好きなら、ぜひ一度お試しください。"", ""is_recommended_mix_section"": true}, {""paragraph_index"": 24, ""heading_level"": 2, ""section_heading"": ""Al Fakherのスイカは吸いごたえ充分"", ""paragraph_text"": ""Al Fakherのスイカはかなり吸いごたえのあるフレーバーであり、1本のシーシャで高い満足度を得られます。中東ならではの瓜っぽさはあるものの、ミックス次第では甘さを引き出すこともできます。混ぜるフレーバーや火の入れ方によって変化が大きいフレーバーであるため、さまざまな作り方を試してみるのも楽しいでしょう。"", ""is_recommended_mix_section"": false}]",True,Al Fakherスイカのおすすめミックス,"Al Fakherのスイカは、さまざまなフレーバーとミックスして楽しむことができます。
フルーツ系 / スイーツ系 / スパイス系
レモン/オレンジ ライム/グアバ メロン/マンゴー / バニラ チョコレート / カルダモン シナモン
柑橘系と相性がよく、爽やかに吸いたい人はシトラス系のミックスがおすすめです。 甘いスイカにしたいならメロンを、瓜っぽさを強調したいなら同じく青みのあるマンゴーやグアバとミックスするとよい でしょう。
スイーツ系ではバニラだけではなく、意外にもチョコレートとミックスしてもおもしろいです。ミックスの配合次第ではスイカバーのような味を作ることができ、意外性のあるミックスが好きな方にはおすすめです。
スパイス系ではカルダモンやシナモンと相性がよく、特にカルダモンは味のまとまりがよくなります。実際にスイカとカルダモンをミックスしたフレーバーも過去に販売されており、オーソドックスな味わいのシーシャが好きなら、ぜひ一度お試しください。",2026-07-29T10:36:23+00:00,88e49247103d19fb873450b27aa5b8bb7b212b5408c98c0d4f2bf42a15f394e8
lagos_af-coconut-review,shisha_lagos,editorial_review,フレーバーレビュー,https://shisha-lagos.com/af-coconut-review/,https://shisha-lagos.com/af-coconut-review/,af-coconut-review,Al Fakherココナッツのフレーバーレビュー|特徴やおすすめミックスなど,Al Fakher,ココナッツ,AL FAKHER(アルファーヘル)   シーシャフレーバー 50g,2025.11.10,2025.01.09,nkou1213,ココナッツのフレーバーはさまざまなメーカーから発売されており、ブランドごとに味はかなり異なります。中東の代表的なメーカーであるAl Fakherからも、ココナッツは発売されています。Al Fakherのココナッツはどのようなフレーバーなのか、特徴やおすすめミックスなどを参考に知っていきましょう。,"ココナッツのフレーバーはさまざまなメーカーから発売されており、ブランドごとに味はかなり異なります。 中東の代表的なメーカーであるAl Fakherからも、ココナッツは発売されています。 Al Fakherのココナッツはどのようなフレーバーなのか、特徴やおすすめミックスなどを参考に知っていきましょう。
ココナッツがどのような特徴を持つフレーバーなのか、温度の違いによる変化を見ていきましょう。
温度 / 味の変化
中低温 / 渋み/ほのかな甘み
高温 / 渋みを伴う甘み/皮っぽさ
ココナッツと聞くと、甘いものをイメージする人は多いかもしれませんが、 Al Fakherのココナッツはそれほど甘みが強いわけではありません。 もちろん、ココナッツ由来の甘さはありますが、皮っぽさや渋みを伴うため、イメージよりはさっぱりしているかもしれません。
強烈に甘いわけではないものの、ほのかな甘みがあり、かつさっぱりした要素も持ち合わせているため、さまざまなフレーバーとミックスできることが特徴です。
Al Fakherは中東系のフレーバーであるため、基本的にはどのフレーバーも重く、しっかりとした吸いごたえがあります。
とても重い / ミント/ツーアップル
かなり重い / グレープフルーツ/グレナデン スイカ/メロン/レモン
やや重い / ブルーベリー/ストロベリー/キウイ オレンジ/ピーチ マンゴー/グアバ/グレープ/ローズ
重い / ココナッツ /バニラ/カルダモン チョコレート/カプチーノ
ココナッツはAl Fakherの中では比較的吸いやすく、特筆して重いフレーバーではありません。もちろん、中東系のフレーバーであるため、 他のアメリカ系フレーバーよりは重さはありますが、ある程度吸い慣れている人なら問題なく吸える でしょう。
ただし、吸い出し時には中東系特有のキック感が出ることも多く、温度が落ち着くまでは重いと感じる人もいるかもしれません。キック感を取り除くには、少し高い温度まで上げる必要があります。
フレーバーにじっくり熱を入れる必要があるため、熱が通ってキックが取れるまでは、やや重い状態を吸わなければなりません。
フルーツ系 / スイーツ系 / スパイス/フローラル系
ピーチ/マンゴー パイン/ライチ ストロベリー/レモン ブルーベリー/メロン ライム / バニラ/ミルク キャラメル/コーヒー チョコレート / カルダモン ジンジャーエール アールグレイ シナモン
Al Fakherのココナッツは、南国系のフルーツと相性がよいのはもちろん、 一部の柑橘系やベリー系とも合わせて美味しく吸うことができます。 スイーツ系ではキャラメルやコーヒーなど、やや苦味のあるものの深みを出す役割としても使えるでしょう。
フローラル系とは相性がよくないものの、スパイス系は多数のフレーバーとミックス可能です。ただし、ココナッツとスパイス系を合わせる場合は、ツーミックスで完結せずに、フルーツのフレーバーをつなぎとして入れたほうが、味のまとまりは作りやすくなるでしょう。
Al Fakherのココナッツは甘さは控えめであるものの、甘いフレーバーとさっぱりなフレーバーの、両方とミックスして楽しむことができます。メインとして使用するだけではなく、サブとしても優秀な働きをするため、縁の下の力持ちな存在といえるでしょう。","[{""heading_level"": 2, ""heading_text"": ""Al Fakherココナッツの特徴""}, {""heading_level"": 2, ""heading_text"": ""Al Fakherココナッツの重さは?""}, {""heading_level"": 2, ""heading_text"": ""Al Fakherココナッツのおすすめミックス""}, {""heading_level"": 2, ""heading_text"": ""ココナッツは縁の下の力持ちなフレーバー""}]","[{""paragraph_index"": 1, ""heading_level"": """", ""section_heading"": """", ""paragraph_text"": ""ココナッツのフレーバーはさまざまなメーカーから発売されており、ブランドごとに味はかなり異なります。 中東の代表的なメーカーであるAl Fakherからも、ココナッツは発売されています。 Al Fakherのココナッツはどのようなフレーバーなのか、特徴やおすすめミックスなどを参考に知っていきましょう。"", ""is_recommended_mix_section"": false}, {""paragraph_index"": 2, ""heading_level"": 2, ""section_heading"": ""Al Fakherココナッツの特徴"", ""paragraph_text"": ""ココナッツがどのような特徴を持つフレーバーなのか、温度の違いによる変化を見ていきましょう。"", ""is_recommended_mix_section"": false}, {""paragraph_index"": 3, ""heading_level"": 2, ""section_heading"": ""Al Fakherココナッツの特徴"", ""paragraph_text"": ""温度 / 味の変化"", ""is_recommended_mix_section"": false}, {""paragraph_index"": 4, ""heading_level"": 2, ""section_heading"": ""Al Fakherココナッツの特徴"", ""paragraph_text"": ""中低温 / 渋み/ほのかな甘み"", ""is_recommended_mix_section"": false}, {""paragraph_index"": 5, ""heading_level"": 2, ""section_heading"": ""Al Fakherココナッツの特徴"", ""paragraph_text"": ""高温 / 渋みを伴う甘み/皮っぽさ"", ""is_recommended_mix_section"": false}, {""paragraph_index"": 6, ""heading_level"": 2, ""section_heading"": ""Al Fakherココナッツの特徴"", ""paragraph_text"": ""ココナッツと聞くと、甘いものをイメージする人は多いかもしれませんが、 Al Fakherのココナッツはそれほど甘みが強いわけではありません。 もちろん、ココナッツ由来の甘さはありますが、皮っぽさや渋みを伴うため、イメージよりはさっぱりしているかもしれません。"", ""is_recommended_mix_section"": false}, {""paragraph_index"": 7, ""heading_level"": 2, ""section_heading"": ""Al Fakherココナッツの特徴"", ""paragraph_text"": ""強烈に甘いわけではないものの、ほのかな甘みがあり、かつさっぱりした要素も持ち合わせているため、さまざまなフレーバーとミックスできることが特徴です。"", ""is_recommended_mix_section"": false}, {""paragraph_index"": 8, ""heading_level"": 2, ""section_heading"": ""Al Fakherココナッツの重さは?"", ""paragraph_text"": ""Al Fakherは中東系のフレーバーであるため、基本的にはどのフレーバーも重く、しっかりとした吸いごたえがあります。"", ""is_recommended_mix_section"": false}, {""paragraph_index"": 9, ""heading_level"": 2, ""section_heading"": ""Al Fakherココナッツの重さは?"", ""paragraph_text"": ""とても重い / ミント/ツーアップル"", ""is_recommended_mix_section"": false}, {""paragraph_index"": 10, ""heading_level"": 2, ""section_heading"": ""Al Fakherココナッツの重さは?"", ""paragraph_text"": ""かなり重い / グレープフルーツ/グレナデン スイカ/メロン/レモン"", ""is_recommended_mix_section"": false}, {""paragraph_index"": 11, ""heading_level"": 2, ""section_heading"": ""Al Fakherココナッツの重さは?"", ""paragraph_text"": ""やや重い / ブルーベリー/ストロベリー/キウイ オレンジ/ピーチ マンゴー/グアバ/グレープ/ローズ"", ""is_recommended_mix_section"": false}, {""paragraph_index"": 12, ""heading_level"": 2, ""section_heading"": ""Al Fakherココナッツの重さは?"", ""paragraph_text"": ""重い / ココナッツ /バニラ/カルダモン チョコレート/カプチーノ"", ""is_recommended_mix_section"": false}, {""paragraph_index"": 13, ""heading_level"": 2, ""section_heading"": ""Al Fakherココナッツの重さは?"", ""paragraph_text"": ""ココナッツはAl Fakherの中では比較的吸いやすく、特筆して重いフレーバーではありません。もちろん、中東系のフレーバーであるため、 他のアメリカ系フレーバーよりは重さはありますが、ある程度吸い慣れている人なら問題なく吸える でしょう。"", ""is_recommended_mix_section"": false}, {""paragraph_index"": 14, ""heading_level"": 2, ""section_heading"": ""Al Fakherココナッツの重さは?"", ""paragraph_text"": ""ただし、吸い出し時には中東系特有のキック感が出ることも多く、温度が落ち着くまでは重いと感じる人もいるかもしれません。キック感を取り除くには、少し高い温度まで上げる必要があります。"", ""is_recommended_mix_section"": false}, {""paragraph_index"": 15, ""heading_level"": 2, ""section_heading"": ""Al Fakherココナッツの重さは?"", ""paragraph_text"": ""フレーバーにじっくり熱を入れる必要があるため、熱が通ってキックが取れるまでは、やや重い状態を吸わなければなりません。"", ""is_recommended_mix_section"": false}, {""paragraph_index"": 16, ""heading_level"": 2, ""section_heading"": ""Al Fakherココナッツのおすすめミックス"", ""paragraph_text"": ""フルーツ系 / スイーツ系 / スパイス/フローラル系"", ""is_recommended_mix_section"": true}, {""paragraph_index"": 17, ""heading_level"": 2, ""section_heading"": ""Al Fakherココナッツのおすすめミックス"", ""paragraph_text"": ""ピーチ/マンゴー パイン/ライチ ストロベリー/レモン ブルーベリー/メロン ライム / バニラ/ミルク キャラメル/コーヒー チョコレート / カルダモン ジンジャーエール アールグレイ シナモン"", ""is_recommended_mix_section"": true}, {""paragraph_index"": 18, ""heading_level"": 2, ""section_heading"": ""Al Fakherココナッツのおすすめミックス"", ""paragraph_text"": ""Al Fakherのココナッツは、南国系のフルーツと相性がよいのはもちろん、 一部の柑橘系やベリー系とも合わせて美味しく吸うことができます。 スイーツ系ではキャラメルやコーヒーなど、やや苦味のあるものの深みを出す役割としても使えるでしょう。"", ""is_recommended_mix_section"": true}, {""paragraph_index"": 19, ""heading_level"": 2, ""section_heading"": ""Al Fakherココナッツのおすすめミックス"", ""paragraph_text"": ""フローラル系とは相性がよくないものの、スパイス系は多数のフレーバーとミックス可能です。ただし、ココナッツとスパイス系を合わせる場合は、ツーミックスで完結せずに、フルーツのフレーバーをつなぎとして入れたほうが、味のまとまりは作りやすくなるでしょう。"", ""is_recommended_mix_section"": true}, {""paragraph_index"": 20, ""heading_level"": 2, ""section_heading"": ""ココナッツは縁の下の力持ちなフレーバー"", ""paragraph_text"": ""Al Fakherのココナッツは甘さは控えめであるものの、甘いフレーバーとさっぱりなフレーバーの、両方とミックスして楽しむことができます。メインとして使用するだけではなく、サブとしても優秀な働きをするため、縁の下の力持ちな存在といえるでしょう。"", ""is_recommended_mix_section"": false}]",True,Al Fakherココナッツのおすすめミックス,"フルーツ系 / スイーツ系 / スパイス/フローラル系
ピーチ/マンゴー パイン/ライチ ストロベリー/レモン ブルーベリー/メロン ライム / バニラ/ミルク キャラメル/コーヒー チョコレート / カルダモン ジンジャーエール アールグレイ シナモン
Al Fakherのココナッツは、南国系のフルーツと相性がよいのはもちろん、 一部の柑橘系やベリー系とも合わせて美味しく吸うことができます。 スイーツ系ではキャラメルやコーヒーなど、やや苦味のあるものの深みを出す役割としても使えるでしょう。
フローラル系とは相性がよくないものの、スパイス系は多数のフレーバーとミックス可能です。ただし、ココナッツとスパイス系を合わせる場合は、ツーミックスで完結せずに、フルーツのフレーバーをつなぎとして入れたほうが、味のまとまりは作りやすくなるでしょう。",2026-07-29T10:36:26+00:00,b3d468417de0d554632bb15f2939c5ad9c4fdc54c5d1607bac503f701b2d34b5
lagos_af-orange-review,shisha_lagos,editorial_review,フレーバーレビュー,https://shisha-lagos.com/af-orange-review/,https://shisha-lagos.com/af-orange-review/,af-orange-review,Al Fakherオレンジのフレーバーレビュー|特徴やおすすめミックスをご紹介,Al Fakher,オレンジ,AL FAKHER(アルファーヘル)   シーシャフレーバー 50g,2025.10.10,2025.01.09,nkou1213,柑橘系のフレーバーは人気が高く、フレッシュなイメージの強いオレンジのフレーバーがお気に入りという人は多いのではないでしょうか。中東の代表的なメーカーであるAl Fakherからも、オレンジのフレーバーは発売されています。今回はAl Fakherのオレンジはどのようなフレーバーなのか、特徴やお,"柑橘系のフレーバーは人気が高く、フレッシュなイメージの強いオレンジのフレーバーがお気に入りという人は多いのではないでしょうか。
中東の代表的なメーカーであるAl Fakherからも、オレンジのフレーバーは発売されています。 今回はAl Fakherのオレンジはどのようなフレーバーなのか、特徴やおすすめミックスなどをご紹介します。
まずはAl Fakherのオレンジがどのような特徴を持っているのか、温度変化による味の違いを参考にしながら知っていきましょう。
温度 / 味の変化
中低温 / ガムっぽさ/シロップ感/ほのかな甘さ
高温 / 果実味のある甘さ/ピール感
ロット差による影響もありますが、Al Fakherのオレンジは低い温度だと果物というよりも、オレンジガムのような味わいが強くなりやすいです。温度を上げるにしたがって果実味は増していき、 高い温度だとフレッシュさのある甘さに加えて、柑橘特有のピール感 も出てきます。
ピール感は苦味に感じる人も多く、この部分がさっぱりした印象を強めます。オレンジは柑橘系の中では甘さのあるフレーバーです。そのため、さっぱりはしているものの、ドライな印象ではなく、爽やかな甘さを伴うフレッシュなさっぱりさと考えるとよいでしょう。
高い温度までいくとピール感に加えて、やや粒っぽさを感じる人もいるかもしれません。シーシャを吸い慣れている人であれば、同じAl Fakherのグレープフルーツの風味を感じる場合もあるでしょう。
Al Fakherは中東系のフレーバーであるため、基本的にはどのフレーバーも重く、しっかりとした吸いごたえがあります。
とても重い / ミント/ツーアップル
かなり重い / グレープフルーツ/グレナデン スイカ/メロン/レモン
やや重い / ブルーベリー/ストロベリー/キウイ オレンジ /ピーチ マンゴー/グアバ/グレープ/ローズ
重い / ココナッツ/バニラ/カルダモン チョコレート/カプチーノ
Al Fakherのオレンジはやや重いフレーバーであり、Al Fakherの中では標準的といえます。どの温度帯で出すかによっても異なりますが、 ピール感が強くなる高いラインで出す場合は、味の系統からAl Fakherのグレープフルーツを想起させ、かなり重いと感じる人もいるかもしれません。
実際に重さのあるフレーバーではありますが、個人的な印象としては同メーカーのグレープフルーツよりはやや軽いです。
Al Fakherのオレンジは、フルーツをはじめとしたさまざまなフレーバーとミックスできます。
フルーツ系 / スイーツ系 / スパイス/フローラル系
レモン/ライム グレープフルーツ パッションフルーツ グアバ/マンゴー ピーチ/グレナデン パイン/りんご メロン / バニラ/ミルク チョコレート / カルダモン シナモン ジンジャーエール アールグレイ ジャスミン
同系統の柑橘系はもちろん、南国系のフルーツとも相性がよいのはポイントです。また、 スイーツ系も基本となるバニラやミルクに加えて、チョコレートとも相性がよい です。
柑橘系は基本的にスパイスとの相性がよく、オレンジにも同じことがいえます。また、フローラル系ではジャスミンとの相性もよく、オレンジのフレッシュさとジャスミンの華やかな香りがマッチするでしょう。
Al Fakherのオレンジはフルーツはもちろん、スイーツ系やスパイス系のフレーバーとも相性がよいです。 メインはもちろん、サブにも使いやすいため、汎用性の高い優秀なフレーバー といえるでしょう。","[{""heading_level"": 2, ""heading_text"": ""Al Fakherオレンジの特徴""}, {""heading_level"": 2, ""heading_text"": ""Al Fakherオレンジの重さは?""}, {""heading_level"": 2, ""heading_text"": ""Al Fakherオレンジのおすすめミックス""}, {""heading_level"": 2, ""heading_text"": ""オレンジは幅広いミックスを楽しめる""}]","[{""paragraph_index"": 1, ""heading_level"": """", ""section_heading"": """", ""paragraph_text"": ""柑橘系のフレーバーは人気が高く、フレッシュなイメージの強いオレンジのフレーバーがお気に入りという人は多いのではないでしょうか。"", ""is_recommended_mix_section"": false}, {""paragraph_index"": 2, ""heading_level"": """", ""section_heading"": """", ""paragraph_text"": ""中東の代表的なメーカーであるAl Fakherからも、オレンジのフレーバーは発売されています。 今回はAl Fakherのオレンジはどのようなフレーバーなのか、特徴やおすすめミックスなどをご紹介します。"", ""is_recommended_mix_section"": false}, {""paragraph_index"": 3, ""heading_level"": 2, ""section_heading"": ""Al Fakherオレンジの特徴"", ""paragraph_text"": ""まずはAl Fakherのオレンジがどのような特徴を持っているのか、温度変化による味の違いを参考にしながら知っていきましょう。"", ""is_recommended_mix_section"": false}, {""paragraph_index"": 4, ""heading_level"": 2, ""section_heading"": ""Al Fakherオレンジの特徴"", ""paragraph_text"": ""温度 / 味の変化"", ""is_recommended_mix_section"": false}, {""paragraph_index"": 5, ""heading_level"": 2, ""section_heading"": ""Al Fakherオレンジの特徴"", ""paragraph_text"": ""中低温 / ガムっぽさ/シロップ感/ほのかな甘さ"", ""is_recommended_mix_section"": false}, {""paragraph_index"": 6, ""heading_level"": 2, ""section_heading"": ""Al Fakherオレンジの特徴"", ""paragraph_text"": ""高温 / 果実味のある甘さ/ピール感"", ""is_recommended_mix_section"": false}, {""paragraph_index"": 7, ""heading_level"": 2, ""section_heading"": ""Al Fakherオレンジの特徴"", ""paragraph_text"": ""ロット差による影響もありますが、Al Fakherのオレンジは低い温度だと果物というよりも、オレンジガムのような味わいが強くなりやすいです。温度を上げるにしたがって果実味は増していき、 高い温度だとフレッシュさのある甘さに加えて、柑橘特有のピール感 も出てきます。"", ""is_recommended_mix_section"": false}, {""paragraph_index"": 8, ""heading_level"": 2, ""section_heading"": ""Al Fakherオレンジの特徴"", ""paragraph_text"": ""ピール感は苦味に感じる人も多く、この部分がさっぱりした印象を強めます。オレンジは柑橘系の中では甘さのあるフレーバーです。そのため、さっぱりはしているものの、ドライな印象ではなく、爽やかな甘さを伴うフレッシュなさっぱりさと考えるとよいでしょう。"", ""is_recommended_mix_section"": false}, {""paragraph_index"": 9, ""heading_level"": 2, ""section_heading"": ""Al Fakherオレンジの特徴"", ""paragraph_text"": ""高い温度までいくとピール感に加えて、やや粒っぽさを感じる人もいるかもしれません。シーシャを吸い慣れている人であれば、同じAl Fakherのグレープフルーツの風味を感じる場合もあるでしょう。"", ""is_recommended_mix_section"": false}, {""paragraph_index"": 10, ""heading_level"": 2, ""section_heading"": ""Al Fakherオレンジの重さは?"", ""paragraph_text"": ""Al Fakherは中東系のフレーバーであるため、基本的にはどのフレーバーも重く、しっかりとした吸いごたえがあります。"", ""is_recommended_mix_section"": false}, {""paragraph_index"": 11, ""heading_level"": 2, ""section_heading"": ""Al Fakherオレンジの重さは?"", ""paragraph_text"": ""とても重い / ミント/ツーアップル"", ""is_recommended_mix_section"": false}, {""paragraph_index"": 12, ""heading_level"": 2, ""section_heading"": ""Al Fakherオレンジの重さは?"", ""paragraph_text"": ""かなり重い / グレープフルーツ/グレナデン スイカ/メロン/レモン"", ""is_recommended_mix_section"": false}, {""paragraph_index"": 13, ""heading_level"": 2, ""section_heading"": ""Al Fakherオレンジの重さは?"", ""paragraph_text"": ""やや重い / ブルーベリー/ストロベリー/キウイ オレンジ /ピーチ マンゴー/グアバ/グレープ/ローズ"", ""is_recommended_mix_section"": false}, {""paragraph_index"": 14, ""heading_level"": 2, ""section_heading"": ""Al Fakherオレンジの重さは?"", ""paragraph_text"": ""重い / ココナッツ/バニラ/カルダモン チョコレート/カプチーノ"", ""is_recommended_mix_section"": false}, {""paragraph_index"": 15, ""heading_level"": 2, ""section_heading"": ""Al Fakherオレンジの重さは?"", ""paragraph_text"": ""Al Fakherのオレンジはやや重いフレーバーであり、Al Fakherの中では標準的といえます。どの温度帯で出すかによっても異なりますが、 ピール感が強くなる高いラインで出す場合は、味の系統からAl Fakherのグレープフルーツを想起させ、かなり重いと感じる人もいるかもしれません。"", ""is_recommended_mix_section"": false}, {""paragraph_index"": 16, ""heading_level"": 2, ""section_heading"": ""Al Fakherオレンジの重さは?"", ""paragraph_text"": ""実際に重さのあるフレーバーではありますが、個人的な印象としては同メーカーのグレープフルーツよりはやや軽いです。"", ""is_recommended_mix_section"": false}, {""paragraph_index"": 17, ""heading_level"": 2, ""section_heading"": ""Al Fakherオレンジのおすすめミックス"", ""paragraph_text"": ""Al Fakherのオレンジは、フルーツをはじめとしたさまざまなフレーバーとミックスできます。"", ""is_recommended_mix_section"": true}, {""paragraph_index"": 18, ""heading_level"": 2, ""section_heading"": ""Al Fakherオレンジのおすすめミックス"", ""paragraph_text"": ""フルーツ系 / スイーツ系 / スパイス/フローラル系"", ""is_recommended_mix_section"": true}, {""paragraph_index"": 19, ""heading_level"": 2, ""section_heading"": ""Al Fakherオレンジのおすすめミックス"", ""paragraph_text"": ""レモン/ライム グレープフルーツ パッションフルーツ グアバ/マンゴー ピーチ/グレナデン パイン/りんご メロン / バニラ/ミルク チョコレート / カルダモン シナモン ジンジャーエール アールグレイ ジャスミン"", ""is_recommended_mix_section"": true}, {""paragraph_index"": 20, ""heading_level"": 2, ""section_heading"": ""Al Fakherオレンジのおすすめミックス"", ""paragraph_text"": ""同系統の柑橘系はもちろん、南国系のフルーツとも相性がよいのはポイントです。また、 スイーツ系も基本となるバニラやミルクに加えて、チョコレートとも相性がよい です。"", ""is_recommended_mix_section"": true}, {""paragraph_index"": 21, ""heading_level"": 2, ""section_heading"": ""Al Fakherオレンジのおすすめミックス"", ""paragraph_text"": ""柑橘系は基本的にスパイスとの相性がよく、オレンジにも同じことがいえます。また、フローラル系ではジャスミンとの相性もよく、オレンジのフレッシュさとジャスミンの華やかな香りがマッチするでしょう。"", ""is_recommended_mix_section"": true}, {""paragraph_index"": 22, ""heading_level"": 2, ""section_heading"": ""オレンジは幅広いミックスを楽しめる"", ""paragraph_text"": ""Al Fakherのオレンジはフルーツはもちろん、スイーツ系やスパイス系のフレーバーとも相性がよいです。 メインはもちろん、サブにも使いやすいため、汎用性の高い優秀なフレーバー といえるでしょう。"", ""is_recommended_mix_section"": false}]",True,Al Fakherオレンジのおすすめミックス,"Al Fakherのオレンジは、フルーツをはじめとしたさまざまなフレーバーとミックスできます。
フルーツ系 / スイーツ系 / スパイス/フローラル系
レモン/ライム グレープフルーツ パッションフルーツ グアバ/マンゴー ピーチ/グレナデン パイン/りんご メロン / バニラ/ミルク チョコレート / カルダモン シナモン ジンジャーエール アールグレイ ジャスミン
同系統の柑橘系はもちろん、南国系のフルーツとも相性がよいのはポイントです。また、 スイーツ系も基本となるバニラやミルクに加えて、チョコレートとも相性がよい です。
柑橘系は基本的にスパイスとの相性がよく、オレンジにも同じことがいえます。また、フローラル系ではジャスミンとの相性もよく、オレンジのフレッシュさとジャスミンの華やかな香りがマッチするでしょう。",2026-07-29T10:36:30+00:00,3f17c702478e2fe4b399a281f87387ff0bb32f4b8b1e2b1a773080a7cf441e87
lagos_af-mango-review,shisha_lagos,editorial_review,フレーバーレビュー,https://shisha-lagos.com/af-mango-review/,https://shisha-lagos.com/af-mango-review/,af-mango-review,Al Fakherマンゴーのフレーバーレビュー|特徴やおすすめミックスをご紹介,Al Fakher,マンゴー,AL FAKHER(アルファーヘル)   シーシャフレーバー 50g,2025.09.10,2025.01.09,nkou1213,トロピカルな甘さを持つ南国系のフレーバーは、シーシャ好きにとって人気の高いジャンルといえます。中東の代表的なメーカーである、Al Fakherから南国系の定番であるマンゴーフレーバーが発売されています。今回はAl Fakherのマンゴーはどのようなフレーバーなのか、特徴やおすすめミックスなどをご紹介,"トロピカルな甘さを持つ南国系のフレーバーは、シーシャ好きにとって人気の高いジャンルといえます。 中東の代表的なメーカーである、Al Fakherから南国系の定番であるマンゴーフレーバーが発売されています。 今回はAl Fakherのマンゴーはどのようなフレーバーなのか、特徴やおすすめミックスなどをご紹介します。
まずはAl Fakherのマンゴーがどのような特徴を持つのか、温度変化別に見ていきましょう。
温度 / 味の変化
中低温 / 熟していない青み/やや酸味
高温 / やや青み/少しの甘み/やや酸味
マンゴーといえば、どろりと甘いイメージを持つ人が多いかもしれませんが、Al Fakherのマンゴーはそこまで甘いフレーバーではありません。いわゆる完熟マンゴーの甘さではなく、 どちらかといえば、熟しきっていない若いマンゴーのほのかな甘みや酸味、青みなどがあるフレーバー と考えましょう。
日本人の多くがイメージするマンゴーの味とは異なるため、好き嫌いが出やすいフレーバーといえます。吸い慣れてくると青みの奥にいるほのかな甘みが癖になるという人も多いです。
初めて吸ったときはあまり好みではなかったものの、シーシャ自体を吸い慣れていき、再挑戦した際にドハマりする人も少なくありません。
全体的にはすっきりとした甘さで、南国系の中でも爽やかな味が好きな人、完熟ではないフルーツの青さが気にならない人におすすめのフレーバーです。
Al Fakherは中東系のフレーバーであるため、基本的にはどのフレーバーも重く、しっかりとした吸いごたえがあります。
とても重い / ミント/ツーアップル
かなり重い / グレープフルーツ/グレナデン スイカ/メロン/レモン
やや重い / ブルーベリー/ストロベリー/キウイ オレンジ/ピーチ マンゴー /グアバ/グレープ/ローズ
重い / ココナッツ/バニラ/カルダモン チョコレート/カプチーノ
マンゴーはAl Fakherの中で、標準的な重さです。ただし、 吸い出し時にはキック感よりもイガりのほうが目立つフレーバー であり、作成時の温度調節の難易度はやや高いです。
イガりをなくすには、一定ラインまで温度を上げた後に、再度蒸らしてみるとよいでしょう。イガりが出る要因はさまざまありますが、多くの場合でフレーバーのシロップが高温に熱せされているときに発生します。
たとえるなら、シロップがボコボコと沸騰しているような状態です。温度を安定させて蒸らし、シロップにじんわりと熱が伝わって鎮静化することで、イガりは取れやすくなります。
Al Fakherのマンゴーはフルーツ系はもちろん、その他さまざまなフレーバーとミックスできます。
フルーツ系 / スイーツ系 / スパイス/フローラル系
ピーチ/グアバ レモン/オレンジ ゆず/グレープ パッションフルーツ パイン/ココナッツ / バニラ/ミルク / ジンジャーエール カルダモン アールグレイ
他の南国系とのミックスはもちろん、柑橘系とも相性がよいです。 Al Fakherのマンゴーは南国系のフレーバーの中では、比較的さっぱりしているため、同じくさっぱりした柑橘系とは相性がよい でしょう。
バニラやミルクなど、スイーツ系と合わせることもできますが、飛びぬけて甘くなるわけではありません。どうしても青さは残りやすいため、もっと甘いマンゴーのスイーツを考えるなら、別メーカーのフレーバーを使用したほうがよいでしょう。
意外なことに、マンゴーはさまざまなスパイスとミックスしても相性がよいです。特にカルダモンやジンジャーエールなど、生姜の風味を持つものとは相性がよく、ドライな味わいが好きな人におすすめです。
マンゴー=完熟マンゴーの味とイメージする人は多いですが、Al Fakherのマンゴーはその印象とは異なります。どちらかといえば熟しきっていない、 若いマンゴーの味であり、独特の青みから好みが分かれやすいフレーバー です。
しかしながら、オールドファンの多い一品でもあり、一度ハマるとそこからずっとAl Fakherのマンゴーを吸い続けるという熱狂的な人もいるでしょう。","[{""heading_level"": 2, ""heading_text"": ""Al Fakherマンゴーの特徴""}, {""heading_level"": 2, ""heading_text"": ""Al Fakherマンゴーの重さは?""}, {""heading_level"": 2, ""heading_text"": ""Al Fakherマンゴーのおすすめミックス""}, {""heading_level"": 2, ""heading_text"": ""Al Fakherマンゴーは若いマンゴーの味""}]","[{""paragraph_index"": 1, ""heading_level"": """", ""section_heading"": """", ""paragraph_text"": ""トロピカルな甘さを持つ南国系のフレーバーは、シーシャ好きにとって人気の高いジャンルといえます。 中東の代表的なメーカーである、Al Fakherから南国系の定番であるマンゴーフレーバーが発売されています。 今回はAl Fakherのマンゴーはどのようなフレーバーなのか、特徴やおすすめミックスなどをご紹介します。"", ""is_recommended_mix_section"": false}, {""paragraph_index"": 2, ""heading_level"": 2, ""section_heading"": ""Al Fakherマンゴーの特徴"", ""paragraph_text"": ""まずはAl Fakherのマンゴーがどのような特徴を持つのか、温度変化別に見ていきましょう。"", ""is_recommended_mix_section"": false}, {""paragraph_index"": 3, ""heading_level"": 2, ""section_heading"": ""Al Fakherマンゴーの特徴"", ""paragraph_text"": ""温度 / 味の変化"", ""is_recommended_mix_section"": false}, {""paragraph_index"": 4, ""heading_level"": 2, ""section_heading"": ""Al Fakherマンゴーの特徴"", ""paragraph_text"": ""中低温 / 熟していない青み/やや酸味"", ""is_recommended_mix_section"": false}, {""paragraph_index"": 5, ""heading_level"": 2, ""section_heading"": ""Al Fakherマンゴーの特徴"", ""paragraph_text"": ""高温 / やや青み/少しの甘み/やや酸味"", ""is_recommended_mix_section"": false}, {""paragraph_index"": 6, ""heading_level"": 2, ""section_heading"": ""Al Fakherマンゴーの特徴"", ""paragraph_text"": ""マンゴーといえば、どろりと甘いイメージを持つ人が多いかもしれませんが、Al Fakherのマンゴーはそこまで甘いフレーバーではありません。いわゆる完熟マンゴーの甘さではなく、 どちらかといえば、熟しきっていない若いマンゴーのほのかな甘みや酸味、青みなどがあるフレーバー と考えましょう。"", ""is_recommended_mix_section"": false}, {""paragraph_index"": 7, ""heading_level"": 2, ""section_heading"": ""Al Fakherマンゴーの特徴"", ""paragraph_text"": ""日本人の多くがイメージするマンゴーの味とは異なるため、好き嫌いが出やすいフレーバーといえます。吸い慣れてくると青みの奥にいるほのかな甘みが癖になるという人も多いです。"", ""is_recommended_mix_section"": false}, {""paragraph_index"": 8, ""heading_level"": 2, ""section_heading"": ""Al Fakherマンゴーの特徴"", ""paragraph_text"": ""初めて吸ったときはあまり好みではなかったものの、シーシャ自体を吸い慣れていき、再挑戦した際にドハマりする人も少なくありません。"", ""is_recommended_mix_section"": false}, {""paragraph_index"": 9, ""heading_level"": 2, ""section_heading"": ""Al Fakherマンゴーの特徴"", ""paragraph_text"": ""全体的にはすっきりとした甘さで、南国系の中でも爽やかな味が好きな人、完熟ではないフルーツの青さが気にならない人におすすめのフレーバーです。"", ""is_recommended_mix_section"": false}, {""paragraph_index"": 10, ""heading_level"": 2, ""section_heading"": ""Al Fakherマンゴーの重さは?"", ""paragraph_text"": ""Al Fakherは中東系のフレーバーであるため、基本的にはどのフレーバーも重く、しっかりとした吸いごたえがあります。"", ""is_recommended_mix_section"": false}, {""paragraph_index"": 11, ""heading_level"": 2, ""section_heading"": ""Al Fakherマンゴーの重さは?"", ""paragraph_text"": ""とても重い / ミント/ツーアップル"", ""is_recommended_mix_section"": false}, {""paragraph_index"": 12, ""heading_level"": 2, ""section_heading"": ""Al Fakherマンゴーの重さは?"", ""paragraph_text"": ""かなり重い / グレープフルーツ/グレナデン スイカ/メロン/レモン"", ""is_recommended_mix_section"": false}, {""paragraph_index"": 13, ""heading_level"": 2, ""section_heading"": ""Al Fakherマンゴーの重さは?"", ""paragraph_text"": ""やや重い / ブルーベリー/ストロベリー/キウイ オレンジ/ピーチ マンゴー /グアバ/グレープ/ローズ"", ""is_recommended_mix_section"": false}, {""paragraph_index"": 14, ""heading_level"": 2, ""section_heading"": ""Al Fakherマンゴーの重さは?"", ""paragraph_text"": ""重い / ココナッツ/バニラ/カルダモン チョコレート/カプチーノ"", ""is_recommended_mix_section"": false}, {""paragraph_index"": 15, ""heading_level"": 2, ""section_heading"": ""Al Fakherマンゴーの重さは?"", ""paragraph_text"": ""マンゴーはAl Fakherの中で、標準的な重さです。ただし、 吸い出し時にはキック感よりもイガりのほうが目立つフレーバー であり、作成時の温度調節の難易度はやや高いです。"", ""is_recommended_mix_section"": false}, {""paragraph_index"": 16, ""heading_level"": 2, ""section_heading"": ""Al Fakherマンゴーの重さは?"", ""paragraph_text"": ""イガりをなくすには、一定ラインまで温度を上げた後に、再度蒸らしてみるとよいでしょう。イガりが出る要因はさまざまありますが、多くの場合でフレーバーのシロップが高温に熱せされているときに発生します。"", ""is_recommended_mix_section"": false}, {""paragraph_index"": 17, ""heading_level"": 2, ""section_heading"": ""Al Fakherマンゴーの重さは?"", ""paragraph_text"": ""たとえるなら、シロップがボコボコと沸騰しているような状態です。温度を安定させて蒸らし、シロップにじんわりと熱が伝わって鎮静化することで、イガりは取れやすくなります。"", ""is_recommended_mix_section"": false}, {""paragraph_index"": 18, ""heading_level"": 2, ""section_heading"": ""Al Fakherマンゴーのおすすめミックス"", ""paragraph_text"": ""Al Fakherのマンゴーはフルーツ系はもちろん、その他さまざまなフレーバーとミックスできます。"", ""is_recommended_mix_section"": true}, {""paragraph_index"": 19, ""heading_level"": 2, ""section_heading"": ""Al Fakherマンゴーのおすすめミックス"", ""paragraph_text"": ""フルーツ系 / スイーツ系 / スパイス/フローラル系"", ""is_recommended_mix_section"": true}, {""paragraph_index"": 20, ""heading_level"": 2, ""section_heading"": ""Al Fakherマンゴーのおすすめミックス"", ""paragraph_text"": ""ピーチ/グアバ レモン/オレンジ ゆず/グレープ パッションフルーツ パイン/ココナッツ / バニラ/ミルク / ジンジャーエール カルダモン アールグレイ"", ""is_recommended_mix_section"": true}, {""paragraph_index"": 21, ""heading_level"": 2, ""section_heading"": ""Al Fakherマンゴーのおすすめミックス"", ""paragraph_text"": ""他の南国系とのミックスはもちろん、柑橘系とも相性がよいです。 Al Fakherのマンゴーは南国系のフレーバーの中では、比較的さっぱりしているため、同じくさっぱりした柑橘系とは相性がよい でしょう。"", ""is_recommended_mix_section"": true}, {""paragraph_index"": 22, ""heading_level"": 2, ""section_heading"": ""Al Fakherマンゴーのおすすめミックス"", ""paragraph_text"": ""バニラやミルクなど、スイーツ系と合わせることもできますが、飛びぬけて甘くなるわけではありません。どうしても青さは残りやすいため、もっと甘いマンゴーのスイーツを考えるなら、別メーカーのフレーバーを使用したほうがよいでしょう。"", ""is_recommended_mix_section"": true}, {""paragraph_index"": 23, ""heading_level"": 2, ""section_heading"": ""Al Fakherマンゴーのおすすめミックス"", ""paragraph_text"": ""意外なことに、マンゴーはさまざまなスパイスとミックスしても相性がよいです。特にカルダモンやジンジャーエールなど、生姜の風味を持つものとは相性がよく、ドライな味わいが好きな人におすすめです。"", ""is_recommended_mix_section"": true}, {""paragraph_index"": 24, ""heading_level"": 2, ""section_heading"": ""Al Fakherマンゴーは若いマンゴーの味"", ""paragraph_text"": ""マンゴー=完熟マンゴーの味とイメージする人は多いですが、Al Fakherのマンゴーはその印象とは異なります。どちらかといえば熟しきっていない、 若いマンゴーの味であり、独特の青みから好みが分かれやすいフレーバー です。"", ""is_recommended_mix_section"": false}, {""paragraph_index"": 25, ""heading_level"": 2, ""section_heading"": ""Al Fakherマンゴーは若いマンゴーの味"", ""paragraph_text"": ""しかしながら、オールドファンの多い一品でもあり、一度ハマるとそこからずっとAl Fakherのマンゴーを吸い続けるという熱狂的な人もいるでしょう。"", ""is_recommended_mix_section"": false}]",True,Al Fakherマンゴーのおすすめミックス,"Al Fakherのマンゴーはフルーツ系はもちろん、その他さまざまなフレーバーとミックスできます。
フルーツ系 / スイーツ系 / スパイス/フローラル系
ピーチ/グアバ レモン/オレンジ ゆず/グレープ パッションフルーツ パイン/ココナッツ / バニラ/ミルク / ジンジャーエール カルダモン アールグレイ
他の南国系とのミックスはもちろん、柑橘系とも相性がよいです。 Al Fakherのマンゴーは南国系のフレーバーの中では、比較的さっぱりしているため、同じくさっぱりした柑橘系とは相性がよい でしょう。
バニラやミルクなど、スイーツ系と合わせることもできますが、飛びぬけて甘くなるわけではありません。どうしても青さは残りやすいため、もっと甘いマンゴーのスイーツを考えるなら、別メーカーのフレーバーを使用したほうがよいでしょう。
意外なことに、マンゴーはさまざまなスパイスとミックスしても相性がよいです。特にカルダモンやジンジャーエールなど、生姜の風味を持つものとは相性がよく、ドライな味わいが好きな人におすすめです。",2026-07-29T10:36:33+00:00,de097c22e66e5ff6c2852365592459ee5657368ae8a610981ab28ee9233da8f5
lagos_af-grapefruit-review,shisha_lagos,editorial_review,フレーバーレビュー,https://shisha-lagos.com/af-grapefruit-review/,https://shisha-lagos.com/af-grapefruit-review/,af-grapefruit-review,Al Fakherグレープフルーツのフレーバーレビュー|特徴やおすすめミックスなど,Al Fakher,グレープフルーツ,AL FAKHER(アルファーヘル)   シーシャフレーバー 50g,2025.08.10,2025.01.09,nkou1213,柑橘系のシーシャは人気が高く、代表的なフレーバーはレモンですが、グレープフルーツが好きな人も多いでしょう。今回はAl Fakherのグレープフルーツについて、特徴やおすすめミックスなどを紹介します。Al Fakherグレープフルーツの特徴さっぱりとした印象の強い柑橘系ですが、Al Fakhe,"柑橘系のシーシャは人気が高く、代表的なフレーバーはレモンですが、 グレープフルーツが好きな人も多い でしょう。今回はAl Fakherのグレープフルーツについて、特徴やおすすめミックスなどを紹介します。
さっぱりとした印象の強い柑橘系ですが、Al Fakherのグレープフルーツはその中でもやや甘めのフレーバーです。
温度 / 味の変化
中低温 / ほのかな甘さ/ピール感/苦味
高温 / 柑橘由来の甘さ/豆のような粒感
Al Fakherのグレープフルーツは熱に強く、高い温度帯で真価を発揮します。 中低温帯でも味は出ますが、基本的には薄味に感じやすく、味が入っていないすかすかとした印象を持つ人も多いかもしれません。
グレープフルーツにおける中低温帯の味は、あくまでも一度高温で煙を安定させ、その後温度が下がったときに出るものと考えましょう。そのため、吸い出し時点では温度を高く持っていく必要があり、吸い慣れていない人には不向きなフレーバーといえます。
しっかりと熱を入れることで味を感じやすくなり、ピーク帯では柑橘由来の甘さに加えて、若干のピール感や豆のような粒感が感じられます。
Al Fakherは中東系のフレーバーであるため、基本的にはどのフレーバーも重く、しっかりとした吸いごたえがあります。その中でもグレープフルーツは、かなり重いフレーバーといえるでしょう。
とても重い / ミント/ツーアップル
かなり重い / グレープフルーツ /グレナデン スイカ/メロン/レモン
やや重い / ブルーベリー/ストロベリー/キウイ オレンジ/ピーチ マンゴー/グアバ/グレープ/ローズ
重い / ココナッツ/バニラ/カルダモン チョコレート/カプチーノ
そもそもAl Fakherのグレープフルーツは、味をしっかりと引き出すために高温帯を目指す必要があります。温度が高い状態で吸う必要があるため、きつく感じやすいですが、フレーバーのポテンシャルとしてAl Fakherの中でも、特に重いことは覚えておきましょう。
高温ではイガりが出やすく、かつキック感も強く出ます。上手に味を出すには、強いキックとイガりの部分を乗り超える必要があるため、ある程度喉が強い人、高温帯のシーシャを吸い慣れている人におすすめのフレーバーです。
Al Fakherのグレープフルーツは、さまざまなフレーバーとミックスして、変化を楽しめるフレーバーです。
フルーツ系 / スイーツ系 / スパイス/フローラル系
レモン/オレンジ グアバ/グレープ グレナデン/ピーチ パッションフルーツ / ハニー / ジャスミン カルダモン ツーアップル
レモンやオレンジといった柑橘系はもちろん、やや青みのあるフレーバーや甘み、渋みがあるフレーバーとも併せられます。 柑橘同士は基本的に相性がよいですが、ライムのように爽やかすぎるものは、やや味のまとまりが取りづらくなるため、避けたほうが無難でしょう。
スイーツ系は相性がよいものがほとんどないため、無理に相性を考える必要はありません。また、スパイスやフローラルとは別枠ですが、ツーアップルとの相性もよく、少し混ぜることでジューシーなグレープフルーツを作れます。
ただし、Al Fakherのグレープフルーツもツーアップルも重いフレーバーであるため、強いものでもしっかり吸える人向けのミックスです。初心者には不向きであるため、ある程度吸い慣れてきてから試すとよいでしょう。
グレープフルーツはAl Fakherの中でも特に重く、吸い慣れている上級者向けのフレーバーです。味を出すには高温帯まで吸い出す必要があり、吸い出しの時点でヤニクラを起こすことも少なくありません。
ただし、上手に作れると吸いごたえがありながらも、濃い味でスムーズな煙を作ることができます。家シーシャで作る場合は、自身の力量を確認できる、チャレンジ系のフレーバーともいえるでしょう。","[{""heading_level"": 2, ""heading_text"": ""Al Fakherグレープフルーツの特徴""}, {""heading_level"": 2, ""heading_text"": ""Al Fakherグレープフルーツの重さは?""}, {""heading_level"": 2, ""heading_text"": ""Al Fakherグレープフルーツのおすすめミックス""}, {""heading_level"": 2, ""heading_text"": ""グレープフルーツは上級者向けのフレーバー""}]","[{""paragraph_index"": 1, ""heading_level"": """", ""section_heading"": """", ""paragraph_text"": ""柑橘系のシーシャは人気が高く、代表的なフレーバーはレモンですが、 グレープフルーツが好きな人も多い でしょう。今回はAl Fakherのグレープフルーツについて、特徴やおすすめミックスなどを紹介します。"", ""is_recommended_mix_section"": false}, {""paragraph_index"": 2, ""heading_level"": 2, ""section_heading"": ""Al Fakherグレープフルーツの特徴"", ""paragraph_text"": ""さっぱりとした印象の強い柑橘系ですが、Al Fakherのグレープフルーツはその中でもやや甘めのフレーバーです。"", ""is_recommended_mix_section"": false}, {""paragraph_index"": 3, ""heading_level"": 2, ""section_heading"": ""Al Fakherグレープフルーツの特徴"", ""paragraph_text"": ""温度 / 味の変化"", ""is_recommended_mix_section"": false}, {""paragraph_index"": 4, ""heading_level"": 2, ""section_heading"": ""Al Fakherグレープフルーツの特徴"", ""paragraph_text"": ""中低温 / ほのかな甘さ/ピール感/苦味"", ""is_recommended_mix_section"": false}, {""paragraph_index"": 5, ""heading_level"": 2, ""section_heading"": ""Al Fakherグレープフルーツの特徴"", ""paragraph_text"": ""高温 / 柑橘由来の甘さ/豆のような粒感"", ""is_recommended_mix_section"": false}, {""paragraph_index"": 6, ""heading_level"": 2, ""section_heading"": ""Al Fakherグレープフルーツの特徴"", ""paragraph_text"": ""Al Fakherのグレープフルーツは熱に強く、高い温度帯で真価を発揮します。 中低温帯でも味は出ますが、基本的には薄味に感じやすく、味が入っていないすかすかとした印象を持つ人も多いかもしれません。"", ""is_recommended_mix_section"": false}, {""paragraph_index"": 7, ""heading_level"": 2, ""section_heading"": ""Al Fakherグレープフルーツの特徴"", ""paragraph_text"": ""グレープフルーツにおける中低温帯の味は、あくまでも一度高温で煙を安定させ、その後温度が下がったときに出るものと考えましょう。そのため、吸い出し時点では温度を高く持っていく必要があり、吸い慣れていない人には不向きなフレーバーといえます。"", ""is_recommended_mix_section"": false}, {""paragraph_index"": 8, ""heading_level"": 2, ""section_heading"": ""Al Fakherグレープフルーツの特徴"", ""paragraph_text"": ""しっかりと熱を入れることで味を感じやすくなり、ピーク帯では柑橘由来の甘さに加えて、若干のピール感や豆のような粒感が感じられます。"", ""is_recommended_mix_section"": false}, {""paragraph_index"": 9, ""heading_level"": 2, ""section_heading"": ""Al Fakherグレープフルーツの重さは?"", ""paragraph_text"": ""Al Fakherは中東系のフレーバーであるため、基本的にはどのフレーバーも重く、しっかりとした吸いごたえがあります。その中でもグレープフルーツは、かなり重いフレーバーといえるでしょう。"", ""is_recommended_mix_section"": false}, {""paragraph_index"": 10, ""heading_level"": 2, ""section_heading"": ""Al Fakherグレープフルーツの重さは?"", ""paragraph_text"": ""とても重い / ミント/ツーアップル"", ""is_recommended_mix_section"": false}, {""paragraph_index"": 11, ""heading_level"": 2, ""section_heading"": ""Al Fakherグレープフルーツの重さは?"", ""paragraph_text"": ""かなり重い / グレープフルーツ /グレナデン スイカ/メロン/レモン"", ""is_recommended_mix_section"": false}, {""paragraph_index"": 12, ""heading_level"": 2, ""section_heading"": ""Al Fakherグレープフルーツの重さは?"", ""paragraph_text"": ""やや重い / ブルーベリー/ストロベリー/キウイ オレンジ/ピーチ マンゴー/グアバ/グレープ/ローズ"", ""is_recommended_mix_section"": false}, {""paragraph_index"": 13, ""heading_level"": 2, ""section_heading"": ""Al Fakherグレープフルーツの重さは?"", ""paragraph_text"": ""重い / ココナッツ/バニラ/カルダモン チョコレート/カプチーノ"", ""is_recommended_mix_section"": false}, {""paragraph_index"": 14, ""heading_level"": 2, ""section_heading"": ""Al Fakherグレープフルーツの重さは?"", ""paragraph_text"": ""そもそもAl Fakherのグレープフルーツは、味をしっかりと引き出すために高温帯を目指す必要があります。温度が高い状態で吸う必要があるため、きつく感じやすいですが、フレーバーのポテンシャルとしてAl Fakherの中でも、特に重いことは覚えておきましょう。"", ""is_recommended_mix_section"": false}, {""paragraph_index"": 15, ""heading_level"": 2, ""section_heading"": ""Al Fakherグレープフルーツの重さは?"", ""paragraph_text"": ""高温ではイガりが出やすく、かつキック感も強く出ます。上手に味を出すには、強いキックとイガりの部分を乗り超える必要があるため、ある程度喉が強い人、高温帯のシーシャを吸い慣れている人におすすめのフレーバーです。"", ""is_recommended_mix_section"": false}, {""paragraph_index"": 16, ""heading_level"": 2, ""section_heading"": ""Al Fakherグレープフルーツのおすすめミックス"", ""paragraph_text"": ""Al Fakherのグレープフルーツは、さまざまなフレーバーとミックスして、変化を楽しめるフレーバーです。"", ""is_recommended_mix_section"": true}, {""paragraph_index"": 17, ""heading_level"": 2, ""section_heading"": ""Al Fakherグレープフルーツのおすすめミックス"", ""paragraph_text"": ""フルーツ系 / スイーツ系 / スパイス/フローラル系"", ""is_recommended_mix_section"": true}, {""paragraph_index"": 18, ""heading_level"": 2, ""section_heading"": ""Al Fakherグレープフルーツのおすすめミックス"", ""paragraph_text"": ""レモン/オレンジ グアバ/グレープ グレナデン/ピーチ パッションフルーツ / ハニー / ジャスミン カルダモン ツーアップル"", ""is_recommended_mix_section"": true}, {""paragraph_index"": 19, ""heading_level"": 2, ""section_heading"": ""Al Fakherグレープフルーツのおすすめミックス"", ""paragraph_text"": ""レモンやオレンジといった柑橘系はもちろん、やや青みのあるフレーバーや甘み、渋みがあるフレーバーとも併せられます。 柑橘同士は基本的に相性がよいですが、ライムのように爽やかすぎるものは、やや味のまとまりが取りづらくなるため、避けたほうが無難でしょう。"", ""is_recommended_mix_section"": true}, {""paragraph_index"": 20, ""heading_level"": 2, ""section_heading"": ""Al Fakherグレープフルーツのおすすめミックス"", ""paragraph_text"": ""スイーツ系は相性がよいものがほとんどないため、無理に相性を考える必要はありません。また、スパイスやフローラルとは別枠ですが、ツーアップルとの相性もよく、少し混ぜることでジューシーなグレープフルーツを作れます。"", ""is_recommended_mix_section"": true}, {""paragraph_index"": 21, ""heading_level"": 2, ""section_heading"": ""Al Fakherグレープフルーツのおすすめミックス"", ""paragraph_text"": ""ただし、Al Fakherのグレープフルーツもツーアップルも重いフレーバーであるため、強いものでもしっかり吸える人向けのミックスです。初心者には不向きであるため、ある程度吸い慣れてきてから試すとよいでしょう。"", ""is_recommended_mix_section"": true}, {""paragraph_index"": 22, ""heading_level"": 2, ""section_heading"": ""グレープフルーツは上級者向けのフレーバー"", ""paragraph_text"": ""グレープフルーツはAl Fakherの中でも特に重く、吸い慣れている上級者向けのフレーバーです。味を出すには高温帯まで吸い出す必要があり、吸い出しの時点でヤニクラを起こすことも少なくありません。"", ""is_recommended_mix_section"": false}, {""paragraph_index"": 23, ""heading_level"": 2, ""section_heading"": ""グレープフルーツは上級者向けのフレーバー"", ""paragraph_text"": ""ただし、上手に作れると吸いごたえがありながらも、濃い味でスムーズな煙を作ることができます。家シーシャで作る場合は、自身の力量を確認できる、チャレンジ系のフレーバーともいえるでしょう。"", ""is_recommended_mix_section"": false}]",True,Al Fakherグレープフルーツのおすすめミックス,"Al Fakherのグレープフルーツは、さまざまなフレーバーとミックスして、変化を楽しめるフレーバーです。
フルーツ系 / スイーツ系 / スパイス/フローラル系
レモン/オレンジ グアバ/グレープ グレナデン/ピーチ パッションフルーツ / ハニー / ジャスミン カルダモン ツーアップル
レモンやオレンジといった柑橘系はもちろん、やや青みのあるフレーバーや甘み、渋みがあるフレーバーとも併せられます。 柑橘同士は基本的に相性がよいですが、ライムのように爽やかすぎるものは、やや味のまとまりが取りづらくなるため、避けたほうが無難でしょう。
スイーツ系は相性がよいものがほとんどないため、無理に相性を考える必要はありません。また、スパイスやフローラルとは別枠ですが、ツーアップルとの相性もよく、少し混ぜることでジューシーなグレープフルーツを作れます。
ただし、Al Fakherのグレープフルーツもツーアップルも重いフレーバーであるため、強いものでもしっかり吸える人向けのミックスです。初心者には不向きであるため、ある程度吸い慣れてきてから試すとよいでしょう。",2026-07-29T10:36:37+00:00,e98993bb3cc67dbf258c73b6ba28cbd0b9ab2516a56090c2e8bfac3ea58c71f3
lagos_af-mint-review,shisha_lagos,editorial_review,フレーバーレビュー,https://shisha-lagos.com/af-mint-review/,https://shisha-lagos.com/af-mint-review/,af-mint-review,Al Fakherミントのフレーバーレビュー|特徴やおすすめミックスなどをご紹介,Al Fakher,ミント,AL FAKHER(アルファーヘル)   シーシャフレーバー 50g,2025.07.10,2025.01.09,nkou1213,数あるAl Fakherのフレーバーの中でも、ミントは特に人気のある一品です。さまざまなフレーバーとミックスするのはもちろん、単品でも美味しく吸える点はミントの魅力です。今回は、Al Fakherのミントの特徴やおすすめミックスなどをご紹介します。Al Fakherミントの特徴まずはAl F,"数あるAl Fakherのフレーバーの中でも、ミントは特に人気のある一品です。 さまざまなフレーバーとミックスするのはもちろん、単品でも美味しく吸える点はミントの魅力 です。今回は、Al Fakherのミントの特徴やおすすめミックスなどをご紹介します。
まずはAl Fakherのミントがどのような特徴を持つのか、温度による違いから知っていきましょう。
温度 / 味の変化
中低温 / ミントの葉の甘み/ゆるやかな清涼感
高温 / 強い清涼感/ドライな味わい
Al Fakherのミントは中低温帯ではゆるやかな清涼感と、ミントの葉っぱとしての甘さが際立ちます。温度を上げていくごとに清涼感は増していき、甘さから一転してドライな味わいが楽しめるフレーバーです。
強烈な清涼感のあるミントのフレーバーとしては、「FML」や「Twice The Ice」などが有名です。これらと比較して、 Al Fakherミントの清涼感は弱いと感じる人も多いですが、単品でしっかり熱を入れることで、遜色のない清涼感を発揮します。
Al Fakherのミントは温度帯による違いがはっきり出るため、単品で吸ってもおもしろいフレーバーといえるでしょう。ミントの単品はあまりイメージがつかないという人も多いかもしれませんが、シーシャに慣れてきたなら、ぜひ一度は吸ってみてほしい一品です。
Al Fakherは中東系のフレーバーであるため、基本的にはどのフレーバーも重く、しっかりとした吸いごたえがあります。
とても重い / ミント /ツーアップル
かなり重い / グレープフルーツ/グレナデン スイカ/メロン/レモン
やや重い / ブルーベリー/ストロベリー/キウイ オレンジ/ピーチ マンゴー/グアバ/グレープ/ローズ
重い / ココナッツ/バニラ/カルダモン チョコレート/カプチーノ
重いフレーバーが多いAl Fakherの中でも、ミントは群を抜いて重く、しっかりとした吸いごたえがあります。Al Fakherで吸いごたえのあるフレーバーといえば、 ツーアップルを思い浮かべる人も多いですが、ミントはツーアップルと同等の吸いごたえ です。
もちろん、他のフレーバーとミックスする場合は、使用する分量も全体の2~3割程度になることが多いため、そこまで重さは気になりません。あくまでミント単品で吸う場合のみ、かなりの吸いごたえがあると考えましょう。
Al Fakherのミントは、さっぱりしたものから甘いものまで、さまざまなフレーバーとミックスして楽しめます。
フルーツ系 / スイーツ系 / スパイス系
レモン/ライム/オレンジ グレープフルーツ/ゆず グアバ/マンゴー/ピーチ ブルーベリー/ラズベリー ライチ/キウイ/プラム パッションフルーツ パイン / バニラ/ミルク チョコレート / シナモン アールグレイ カルダモン ローズ ジャスミン
フルーツ系はほぼすべてのフレーバーとミックスが可能です。 組み合わせない例としては、ストロベリーやバナナのように、甘すぎるものとイメージするとよいでしょう。
反面、バニラやミルクなどはミックスしても美味しく吸うことができます。実際にシーシャのフレーバーではミントクリームのように、バニラやミルクの風味にミントをプラスしたものもあります。
また、チョコミントのフレーバーもあることから、チョコレートとミックスも可能です。スパイスやフローラル系とも相性がよく、万遍なくミックスを楽しめるのは、ミントの特徴といえるでしょう。
Al Fakherのミントは愛好家が多く、本場中東では単品で吸う人も少なくありません。単品でもミックスでも使えるため、汎用性が高い優秀なフレーバーといえるでしょう。","[{""heading_level"": 2, ""heading_text"": ""Al Fakherミントの特徴""}, {""heading_level"": 2, ""heading_text"": ""Al Fakherミントの重さは?""}, {""heading_level"": 2, ""heading_text"": ""Al Fakherミントのおすすめミックス""}, {""heading_level"": 2, ""heading_text"": ""ミントは単品でも吸える優秀なフレーバー""}]","[{""paragraph_index"": 1, ""heading_level"": """", ""section_heading"": """", ""paragraph_text"": ""数あるAl Fakherのフレーバーの中でも、ミントは特に人気のある一品です。 さまざまなフレーバーとミックスするのはもちろん、単品でも美味しく吸える点はミントの魅力 です。今回は、Al Fakherのミントの特徴やおすすめミックスなどをご紹介します。"", ""is_recommended_mix_section"": false}, {""paragraph_index"": 2, ""heading_level"": 2, ""section_heading"": ""Al Fakherミントの特徴"", ""paragraph_text"": ""まずはAl Fakherのミントがどのような特徴を持つのか、温度による違いから知っていきましょう。"", ""is_recommended_mix_section"": false}, {""paragraph_index"": 3, ""heading_level"": 2, ""section_heading"": ""Al Fakherミントの特徴"", ""paragraph_text"": ""温度 / 味の変化"", ""is_recommended_mix_section"": false}, {""paragraph_index"": 4, ""heading_level"": 2, ""section_heading"": ""Al Fakherミントの特徴"", ""paragraph_text"": ""中低温 / ミントの葉の甘み/ゆるやかな清涼感"", ""is_recommended_mix_section"": false}, {""paragraph_index"": 5, ""heading_level"": 2, ""section_heading"": ""Al Fakherミントの特徴"", ""paragraph_text"": ""高温 / 強い清涼感/ドライな味わい"", ""is_recommended_mix_section"": false}, {""paragraph_index"": 6, ""heading_level"": 2, ""section_heading"": ""Al Fakherミントの特徴"", ""paragraph_text"": ""Al Fakherのミントは中低温帯ではゆるやかな清涼感と、ミントの葉っぱとしての甘さが際立ちます。温度を上げていくごとに清涼感は増していき、甘さから一転してドライな味わいが楽しめるフレーバーです。"", ""is_recommended_mix_section"": false}, {""paragraph_index"": 7, ""heading_level"": 2, ""section_heading"": ""Al Fakherミントの特徴"", ""paragraph_text"": ""強烈な清涼感のあるミントのフレーバーとしては、「FML」や「Twice The Ice」などが有名です。これらと比較して、 Al Fakherミントの清涼感は弱いと感じる人も多いですが、単品でしっかり熱を入れることで、遜色のない清涼感を発揮します。"", ""is_recommended_mix_section"": false}, {""paragraph_index"": 8, ""heading_level"": 2, ""section_heading"": ""Al Fakherミントの特徴"", ""paragraph_text"": ""Al Fakherのミントは温度帯による違いがはっきり出るため、単品で吸ってもおもしろいフレーバーといえるでしょう。ミントの単品はあまりイメージがつかないという人も多いかもしれませんが、シーシャに慣れてきたなら、ぜひ一度は吸ってみてほしい一品です。"", ""is_recommended_mix_section"": false}, {""paragraph_index"": 9, ""heading_level"": 2, ""section_heading"": ""Al Fakherミントの重さは?"", ""paragraph_text"": ""Al Fakherは中東系のフレーバーであるため、基本的にはどのフレーバーも重く、しっかりとした吸いごたえがあります。"", ""is_recommended_mix_section"": false}, {""paragraph_index"": 10, ""heading_level"": 2, ""section_heading"": ""Al Fakherミントの重さは?"", ""paragraph_text"": ""とても重い / ミント /ツーアップル"", ""is_recommended_mix_section"": false}, {""paragraph_index"": 11, ""heading_level"": 2, ""section_heading"": ""Al Fakherミントの重さは?"", ""paragraph_text"": ""かなり重い / グレープフルーツ/グレナデン スイカ/メロン/レモン"", ""is_recommended_mix_section"": false}, {""paragraph_index"": 12, ""heading_level"": 2, ""section_heading"": ""Al Fakherミントの重さは?"", ""paragraph_text"": ""やや重い / ブルーベリー/ストロベリー/キウイ オレンジ/ピーチ マンゴー/グアバ/グレープ/ローズ"", ""is_recommended_mix_section"": false}, {""paragraph_index"": 13, ""heading_level"": 2, ""section_heading"": ""Al Fakherミントの重さは?"", ""paragraph_text"": ""重い / ココナッツ/バニラ/カルダモン チョコレート/カプチーノ"", ""is_recommended_mix_section"": false}, {""paragraph_index"": 14, ""heading_level"": 2, ""section_heading"": ""Al Fakherミントの重さは?"", ""paragraph_text"": ""重いフレーバーが多いAl Fakherの中でも、ミントは群を抜いて重く、しっかりとした吸いごたえがあります。Al Fakherで吸いごたえのあるフレーバーといえば、 ツーアップルを思い浮かべる人も多いですが、ミントはツーアップルと同等の吸いごたえ です。"", ""is_recommended_mix_section"": false}, {""paragraph_index"": 15, ""heading_level"": 2, ""section_heading"": ""Al Fakherミントの重さは?"", ""paragraph_text"": ""もちろん、他のフレーバーとミックスする場合は、使用する分量も全体の2~3割程度になることが多いため、そこまで重さは気になりません。あくまでミント単品で吸う場合のみ、かなりの吸いごたえがあると考えましょう。"", ""is_recommended_mix_section"": false}, {""paragraph_index"": 16, ""heading_level"": 2, ""section_heading"": ""Al Fakherミントのおすすめミックス"", ""paragraph_text"": ""Al Fakherのミントは、さっぱりしたものから甘いものまで、さまざまなフレーバーとミックスして楽しめます。"", ""is_recommended_mix_section"": true}, {""paragraph_index"": 17, ""heading_level"": 2, ""section_heading"": ""Al Fakherミントのおすすめミックス"", ""paragraph_text"": ""フルーツ系 / スイーツ系 / スパイス系"", ""is_recommended_mix_section"": true}, {""paragraph_index"": 18, ""heading_level"": 2, ""section_heading"": ""Al Fakherミントのおすすめミックス"", ""paragraph_text"": ""レモン/ライム/オレンジ グレープフルーツ/ゆず グアバ/マンゴー/ピーチ ブルーベリー/ラズベリー ライチ/キウイ/プラム パッションフルーツ パイン / バニラ/ミルク チョコレート / シナモン アールグレイ カルダモン ローズ ジャスミン"", ""is_recommended_mix_section"": true}, {""paragraph_index"": 19, ""heading_level"": 2, ""section_heading"": ""Al Fakherミントのおすすめミックス"", ""paragraph_text"": ""フルーツ系はほぼすべてのフレーバーとミックスが可能です。 組み合わせない例としては、ストロベリーやバナナのように、甘すぎるものとイメージするとよいでしょう。"", ""is_recommended_mix_section"": true}, {""paragraph_index"": 20, ""heading_level"": 2, ""section_heading"": ""Al Fakherミントのおすすめミックス"", ""paragraph_text"": ""反面、バニラやミルクなどはミックスしても美味しく吸うことができます。実際にシーシャのフレーバーではミントクリームのように、バニラやミルクの風味にミントをプラスしたものもあります。"", ""is_recommended_mix_section"": true}, {""paragraph_index"": 21, ""heading_level"": 2, ""section_heading"": ""Al Fakherミントのおすすめミックス"", ""paragraph_text"": ""また、チョコミントのフレーバーもあることから、チョコレートとミックスも可能です。スパイスやフローラル系とも相性がよく、万遍なくミックスを楽しめるのは、ミントの特徴といえるでしょう。"", ""is_recommended_mix_section"": true}, {""paragraph_index"": 22, ""heading_level"": 2, ""section_heading"": ""ミントは単品でも吸える優秀なフレーバー"", ""paragraph_text"": ""Al Fakherのミントは愛好家が多く、本場中東では単品で吸う人も少なくありません。単品でもミックスでも使えるため、汎用性が高い優秀なフレーバーといえるでしょう。"", ""is_recommended_mix_section"": false}]",True,Al Fakherミントのおすすめミックス,"Al Fakherのミントは、さっぱりしたものから甘いものまで、さまざまなフレーバーとミックスして楽しめます。
フルーツ系 / スイーツ系 / スパイス系
レモン/ライム/オレンジ グレープフルーツ/ゆず グアバ/マンゴー/ピーチ ブルーベリー/ラズベリー ライチ/キウイ/プラム パッションフルーツ パイン / バニラ/ミルク チョコレート / シナモン アールグレイ カルダモン ローズ ジャスミン
フルーツ系はほぼすべてのフレーバーとミックスが可能です。 組み合わせない例としては、ストロベリーやバナナのように、甘すぎるものとイメージするとよいでしょう。
反面、バニラやミルクなどはミックスしても美味しく吸うことができます。実際にシーシャのフレーバーではミントクリームのように、バニラやミルクの風味にミントをプラスしたものもあります。
また、チョコミントのフレーバーもあることから、チョコレートとミックスも可能です。スパイスやフローラル系とも相性がよく、万遍なくミックスを楽しめるのは、ミントの特徴といえるでしょう。",2026-07-29T10:36:40+00:00,ac20af056bfb5a9dec2758025836079fc1e7edbd183e9e89f2bb7d3467b70132
lagos_af-vanilla-review,shisha_lagos,editorial_review,フレーバーレビュー,https://shisha-lagos.com/af-vanilla-review/,https://shisha-lagos.com/af-vanilla-review/,af-vanilla-review,Al Fakherバニラのフレーバーレビュー|特徴やおすすめミックスなど,Al Fakher,バニラ,AL FAKHER(アルファーヘル)   シーシャフレーバー 50g,2025.06.10,2025.01.09,nkou1213,フルーツ系のフレーバーが豊富なAl Fakherの中で、バニラは数少ないスイーツ系のフレーバーです。Al Fakherのバニラは他メーカーと比較しても、とりわけ出来のよい、名作といえる一品でしょう。今回はAl Fakherのバニラがどのようなフレーバーなのか、特徴やおすすめミックスなどを含め,"フルーツ系のフレーバーが豊富なAl Fakherの中で、バニラは数少ないスイーツ系のフレーバーです。Al Fakherのバニラは他メーカーと比較しても、 とりわけ出来のよい、名作といえる一品 でしょう。
今回はAl Fakherのバニラがどのようなフレーバーなのか、特徴やおすすめミックスなどを含めてご紹介します。
Al Fakherでも珍しいスイーツ系のフレーバーであるバニラは、どのような特徴を持っているのかを見ていきましょう。
温度 / 味の変化
中低温 / ほのかな甘み/小麦感
高温 / バニラ香と甘み/焼き菓子感
Al Fakherのバニラはバニラの甘さだけではなく、ふくよかなバニラ香に加えて、小麦を使った焼き菓子の風味があります。 温度が高くなるほどに甘みと小麦/焼き菓子感は強く なり、変化の幅が広いため、単品でも楽しめるフレーバーです。
ただし、スイーツ系は他のフレーバーと比べると、熱耐性が弱いものが多いです。Al Fakherのバニラもその点は同様であるため、味を引き出すには温度を上げすぎないように注意しなければなりません。
Al Fakherは中東系のフレーバーであるため、基本的にはどのフレーバーも重く、しっかりとした吸いごたえがあります。
とても重い / ミント/ツーアップル
かなり重い / グレープフルーツ/グレナデン スイカ/メロン/レモン
やや重い / ブルーベリー/ストロベリー/キウイ オレンジ/ピーチ マンゴー/グアバ/グレープ/ローズ
重い / ココナッツ/ バニラ /カルダモン チョコレート/カプチーノ
バニラはAl Fakherの中では比較的吸いやすく、特別に重いフレーバーではありません。しかし、Al Fakher自体が他のブランドと比較すると重たいフレーバーであるため、慣れていない人だと重く感じる可能性があることは覚えておきましょう。
Al Fakherのバニラは温度を上げすぎると、味が飛びやすいフレーバーです。そのため、じ っくり熱を入れていく必要があり、その過程でキック感が出ることもあります。 ゆるやかに温度を上げながら、キック感を少しずつ削っていく必要があるため、吸い出しで苦労する人も多いでしょう。
一気に温度を上げるとキック感は抜けやすいものの、今度はイガりが出たり、フレーバーの味が飛んだりする可能性があります。じっくり熱を入れるため、キック感の持続する時間帯が長く、この点で吸いにくさを感じる人もいるかもしれません。
Al Fakherのバニラは、基本的に甘いフレーバーであれば、ほとんどのフレーバーとミックスして問題ありません。
フルーツ系 / スイーツ系 / スパイス/フローラル系
ストロベリー/バナナ ピーチ/マンゴー ブルーベリー/ライチ 洋ナシ/ラズベリー メロン/すいか ココナッツ/オレンジ / ミルク/コーヒー キャラメル ミルクティ / チャイ/シナモン カルダモン アールグレイ ローズ
基本的に甘いフルーツとバニラは相性がよく、多くのものがミックス可能 です。ただし、フルーツ系でも酸味が強いもの、青みが強いものとは相性がよくありません。
スイーツ系はほとんどどのフレーバーとも、ミックスできるといえるでしょう。スパイスやフローラル系とも相性がよく、少し甘さを足したいときに、バニラは便利に使えます。
Al Fakherのバニラは甘めのフレーバーであれば、ほとんどすべてとミックスしても、美味しく吸うことができます。また、バニラ自体が温度によってさまざまな味に変化するため、単品でその幅広さを楽しむのもよいでしょう。","[{""heading_level"": 2, ""heading_text"": ""Al Fakherバニラの特徴""}, {""heading_level"": 2, ""heading_text"": ""Al Fakherバニラの重さは?""}, {""heading_level"": 2, ""heading_text"": ""Al Fakherバニラのおすすめミックス""}, {""heading_level"": 2, ""heading_text"": ""バニラは甘いもの好きには欠かせない一品""}]","[{""paragraph_index"": 1, ""heading_level"": """", ""section_heading"": """", ""paragraph_text"": ""フルーツ系のフレーバーが豊富なAl Fakherの中で、バニラは数少ないスイーツ系のフレーバーです。Al Fakherのバニラは他メーカーと比較しても、 とりわけ出来のよい、名作といえる一品 でしょう。"", ""is_recommended_mix_section"": false}, {""paragraph_index"": 2, ""heading_level"": """", ""section_heading"": """", ""paragraph_text"": ""今回はAl Fakherのバニラがどのようなフレーバーなのか、特徴やおすすめミックスなどを含めてご紹介します。"", ""is_recommended_mix_section"": false}, {""paragraph_index"": 3, ""heading_level"": 2, ""section_heading"": ""Al Fakherバニラの特徴"", ""paragraph_text"": ""Al Fakherでも珍しいスイーツ系のフレーバーであるバニラは、どのような特徴を持っているのかを見ていきましょう。"", ""is_recommended_mix_section"": false}, {""paragraph_index"": 4, ""heading_level"": 2, ""section_heading"": ""Al Fakherバニラの特徴"", ""paragraph_text"": ""温度 / 味の変化"", ""is_recommended_mix_section"": false}, {""paragraph_index"": 5, ""heading_level"": 2, ""section_heading"": ""Al Fakherバニラの特徴"", ""paragraph_text"": ""中低温 / ほのかな甘み/小麦感"", ""is_recommended_mix_section"": false}, {""paragraph_index"": 6, ""heading_level"": 2, ""section_heading"": ""Al Fakherバニラの特徴"", ""paragraph_text"": ""高温 / バニラ香と甘み/焼き菓子感"", ""is_recommended_mix_section"": false}, {""paragraph_index"": 7, ""heading_level"": 2, ""section_heading"": ""Al Fakherバニラの特徴"", ""paragraph_text"": ""Al Fakherのバニラはバニラの甘さだけではなく、ふくよかなバニラ香に加えて、小麦を使った焼き菓子の風味があります。 温度が高くなるほどに甘みと小麦/焼き菓子感は強く なり、変化の幅が広いため、単品でも楽しめるフレーバーです。"", ""is_recommended_mix_section"": false}, {""paragraph_index"": 8, ""heading_level"": 2, ""section_heading"": ""Al Fakherバニラの特徴"", ""paragraph_text"": ""ただし、スイーツ系は他のフレーバーと比べると、熱耐性が弱いものが多いです。Al Fakherのバニラもその点は同様であるため、味を引き出すには温度を上げすぎないように注意しなければなりません。"", ""is_recommended_mix_section"": false}, {""paragraph_index"": 9, ""heading_level"": 2, ""section_heading"": ""Al Fakherバニラの重さは?"", ""paragraph_text"": ""Al Fakherは中東系のフレーバーであるため、基本的にはどのフレーバーも重く、しっかりとした吸いごたえがあります。"", ""is_recommended_mix_section"": false}, {""paragraph_index"": 10, ""heading_level"": 2, ""section_heading"": ""Al Fakherバニラの重さは?"", ""paragraph_text"": ""とても重い / ミント/ツーアップル"", ""is_recommended_mix_section"": false}, {""paragraph_index"": 11, ""heading_level"": 2, ""section_heading"": ""Al Fakherバニラの重さは?"", ""paragraph_text"": ""かなり重い / グレープフルーツ/グレナデン スイカ/メロン/レモン"", ""is_recommended_mix_section"": false}, {""paragraph_index"": 12, ""heading_level"": 2, ""section_heading"": ""Al Fakherバニラの重さは?"", ""paragraph_text"": ""やや重い / ブルーベリー/ストロベリー/キウイ オレンジ/ピーチ マンゴー/グアバ/グレープ/ローズ"", ""is_recommended_mix_section"": false}, {""paragraph_index"": 13, ""heading_level"": 2, ""section_heading"": ""Al Fakherバニラの重さは?"", ""paragraph_text"": ""重い / ココナッツ/ バニラ /カルダモン チョコレート/カプチーノ"", ""is_recommended_mix_section"": false}, {""paragraph_index"": 14, ""heading_level"": 2, ""section_heading"": ""Al Fakherバニラの重さは?"", ""paragraph_text"": ""バニラはAl Fakherの中では比較的吸いやすく、特別に重いフレーバーではありません。しかし、Al Fakher自体が他のブランドと比較すると重たいフレーバーであるため、慣れていない人だと重く感じる可能性があることは覚えておきましょう。"", ""is_recommended_mix_section"": false}, {""paragraph_index"": 15, ""heading_level"": 2, ""section_heading"": ""Al Fakherバニラの重さは?"", ""paragraph_text"": ""Al Fakherのバニラは温度を上げすぎると、味が飛びやすいフレーバーです。そのため、じ っくり熱を入れていく必要があり、その過程でキック感が出ることもあります。 ゆるやかに温度を上げながら、キック感を少しずつ削っていく必要があるため、吸い出しで苦労する人も多いでしょう。"", ""is_recommended_mix_section"": false}, {""paragraph_index"": 16, ""heading_level"": 2, ""section_heading"": ""Al Fakherバニラの重さは?"", ""paragraph_text"": ""一気に温度を上げるとキック感は抜けやすいものの、今度はイガりが出たり、フレーバーの味が飛んだりする可能性があります。じっくり熱を入れるため、キック感の持続する時間帯が長く、この点で吸いにくさを感じる人もいるかもしれません。"", ""is_recommended_mix_section"": false}, {""paragraph_index"": 17, ""heading_level"": 2, ""section_heading"": ""Al Fakherバニラのおすすめミックス"", ""paragraph_text"": ""Al Fakherのバニラは、基本的に甘いフレーバーであれば、ほとんどのフレーバーとミックスして問題ありません。"", ""is_recommended_mix_section"": true}, {""paragraph_index"": 18, ""heading_level"": 2, ""section_heading"": ""Al Fakherバニラのおすすめミックス"", ""paragraph_text"": ""フルーツ系 / スイーツ系 / スパイス/フローラル系"", ""is_recommended_mix_section"": true}, {""paragraph_index"": 19, ""heading_level"": 2, ""section_heading"": ""Al Fakherバニラのおすすめミックス"", ""paragraph_text"": ""ストロベリー/バナナ ピーチ/マンゴー ブルーベリー/ライチ 洋ナシ/ラズベリー メロン/すいか ココナッツ/オレンジ / ミルク/コーヒー キャラメル ミルクティ / チャイ/シナモン カルダモン アールグレイ ローズ"", ""is_recommended_mix_section"": true}, {""paragraph_index"": 20, ""heading_level"": 2, ""section_heading"": ""Al Fakherバニラのおすすめミックス"", ""paragraph_text"": ""基本的に甘いフルーツとバニラは相性がよく、多くのものがミックス可能 です。ただし、フルーツ系でも酸味が強いもの、青みが強いものとは相性がよくありません。"", ""is_recommended_mix_section"": true}, {""paragraph_index"": 21, ""heading_level"": 2, ""section_heading"": ""Al Fakherバニラのおすすめミックス"", ""paragraph_text"": ""スイーツ系はほとんどどのフレーバーとも、ミックスできるといえるでしょう。スパイスやフローラル系とも相性がよく、少し甘さを足したいときに、バニラは便利に使えます。"", ""is_recommended_mix_section"": true}, {""paragraph_index"": 22, ""heading_level"": 2, ""section_heading"": ""バニラは甘いもの好きには欠かせない一品"", ""paragraph_text"": ""Al Fakherのバニラは甘めのフレーバーであれば、ほとんどすべてとミックスしても、美味しく吸うことができます。また、バニラ自体が温度によってさまざまな味に変化するため、単品でその幅広さを楽しむのもよいでしょう。"", ""is_recommended_mix_section"": false}]",True,Al Fakherバニラのおすすめミックス,"Al Fakherのバニラは、基本的に甘いフレーバーであれば、ほとんどのフレーバーとミックスして問題ありません。
フルーツ系 / スイーツ系 / スパイス/フローラル系
ストロベリー/バナナ ピーチ/マンゴー ブルーベリー/ライチ 洋ナシ/ラズベリー メロン/すいか ココナッツ/オレンジ / ミルク/コーヒー キャラメル ミルクティ / チャイ/シナモン カルダモン アールグレイ ローズ
基本的に甘いフルーツとバニラは相性がよく、多くのものがミックス可能 です。ただし、フルーツ系でも酸味が強いもの、青みが強いものとは相性がよくありません。
スイーツ系はほとんどどのフレーバーとも、ミックスできるといえるでしょう。スパイスやフローラル系とも相性がよく、少し甘さを足したいときに、バニラは便利に使えます。",2026-07-29T10:36:44+00:00,b31ca4c13bfcab76b07a81c0b6746765fbfbdf38a4f97f57ef6d7581b3bca3c7
lagos_af-melon-review,shisha_lagos,editorial_review,フレーバーレビュー,https://shisha-lagos.com/af-melon-review/,https://shisha-lagos.com/af-melon-review/,af-melon-review,Al Fakherメロンのフレーバーレビュー|特徴やおすすめミックスなど,Al Fakher,メロン,AL FAKHER(アルファーヘル)   シーシャフレーバー 50g,2025.05.10,2025.01.09,nkou1213,シーシャのメッカである中東でよく好まれるフレーバーとして、メロンが挙げられます。特にAl Fakherのメロンは人気が高く、愛好家も多いのではないでしょうか。今回は中東で愛されている、Al Fakherのメロンの特徴やおすすめミックスなどをご紹介します。Al Fakherメロンの特徴そもそも,"シーシャのメッカである中東でよく好まれるフレーバーとして、メロンが挙げられます。 特にAl Fakherのメロンは人気が高く、愛好家も多い のではないでしょうか。今回は中東で愛されている、Al Fakherのメロンの特徴やおすすめミックスなどをご紹介します。
そもそもAl Fakherのメロンがどのようなフレーバーなのか、温度ごとの違いから特徴を知っていきましょう。
温度 / 味の変化
中低温 / ほのかな甘み/瓜っぽさ/青み
高温 / 果肉の甘さ/やや瓜っぽい青み
Al Fakherのメロンは完熟メロンというよりは、やや若さのある瓜っぽさが残ります。日本でイメージされるメロンよりは甘さが控えめであり、 どちらかといえばメロンの皮に近い部分の味に似ているかもしれません。
温度を上げることで甘みがしっかり乗っていきますが、瓜っぽさは多少残ります。ただし、近年ではAl Fakherのメロンにも変化があり、昔のロットよりもかなり甘みは強いです。
Al Fakherは中東系のフレーバーであるため、基本的にはどのフレーバーも重く、しっかりとした吸いごたえがあります。
とても重い / ミント/ツーアップル
かなり重い / グレープフルーツ/グレナデン スイカ/ メロン /レモン
やや重い / ブルーベリー/ストロベリー/キウイ オレンジ/ピーチ マンゴー/グアバ/グレープ/ローズ
重い / ココナッツ/バニラ/カルダモン チョコレート/カプチーノ
メロンはAl Fakherの中でもかなり重い部類であり、しっかりとした吸いごたえが期待できます。 キック感が強いのはもちろんのこと、温度を高めていくときにイガりが発生しやすい です。
そのため、吸い出しで煙がきついと感じやすく、慣れていない人だと上手く吸い出せない場合もあるでしょう。味を出すにはキック感やイガりに耐えながら、じっくりと温度を上げていく必要があります。丁寧に蒸らし、温度を安定させることで、とろっとした甘さを出すことができ、青みを和らげられます。
Al Fakherのメロンは、さまざまなフレーバーとミックスして楽しめます。
フルーツ系 / スイーツ系 / スパイス/フローラル系
スイカ/グアバ オレンジ/レモン ピーチ/ココナッツ ライチ/マンゴー / バニラ/ミルク キャラメル / カルダモン シナモン ローズ
メロンと同様に青みのあるスイカやグアバ、マンゴーなどは相性がよいです。また、 爽やかに吸いたい場合はオレンジと組み合わせるのがおすすめ です。
青みがある分、スイーツ系で合わせる場合は選択肢は限定的であり、バニラやミルクなど、スタンダードなフレーバーと混ぜるとよいでしょう。
スパイス系ではカルダモンやシナモンとミックスがおすすめです。フローラル系はローズと相性がよく、メロンとローズ、ミルクなどで混ぜるとバランスが取りやすいでしょう。
Al Fakherのメロンは甘すぎず、すっきりとした味わいで吸うことができます。やや皮っぽさがあるため、好みはわかれるかもしれません。しかし、 くどい甘さではないため、爽やかなミックスを楽しめる点は魅力 でしょう。","[{""heading_level"": 2, ""heading_text"": ""Al Fakherメロンの特徴""}, {""heading_level"": 2, ""heading_text"": ""Al Fakherメロンの重さは?""}, {""heading_level"": 2, ""heading_text"": ""Al Fakherメロンのおすすめミックス""}, {""heading_level"": 2, ""heading_text"": ""甘すぎないメロンがAl Fakherの特徴""}]","[{""paragraph_index"": 1, ""heading_level"": """", ""section_heading"": """", ""paragraph_text"": ""シーシャのメッカである中東でよく好まれるフレーバーとして、メロンが挙げられます。 特にAl Fakherのメロンは人気が高く、愛好家も多い のではないでしょうか。今回は中東で愛されている、Al Fakherのメロンの特徴やおすすめミックスなどをご紹介します。"", ""is_recommended_mix_section"": false}, {""paragraph_index"": 2, ""heading_level"": 2, ""section_heading"": ""Al Fakherメロンの特徴"", ""paragraph_text"": ""そもそもAl Fakherのメロンがどのようなフレーバーなのか、温度ごとの違いから特徴を知っていきましょう。"", ""is_recommended_mix_section"": false}, {""paragraph_index"": 3, ""heading_level"": 2, ""section_heading"": ""Al Fakherメロンの特徴"", ""paragraph_text"": ""温度 / 味の変化"", ""is_recommended_mix_section"": false}, {""paragraph_index"": 4, ""heading_level"": 2, ""section_heading"": ""Al Fakherメロンの特徴"", ""paragraph_text"": ""中低温 / ほのかな甘み/瓜っぽさ/青み"", ""is_recommended_mix_section"": false}, {""paragraph_index"": 5, ""heading_level"": 2, ""section_heading"": ""Al Fakherメロンの特徴"", ""paragraph_text"": ""高温 / 果肉の甘さ/やや瓜っぽい青み"", ""is_recommended_mix_section"": false}, {""paragraph_index"": 6, ""heading_level"": 2, ""section_heading"": ""Al Fakherメロンの特徴"", ""paragraph_text"": ""Al Fakherのメロンは完熟メロンというよりは、やや若さのある瓜っぽさが残ります。日本でイメージされるメロンよりは甘さが控えめであり、 どちらかといえばメロンの皮に近い部分の味に似ているかもしれません。"", ""is_recommended_mix_section"": false}, {""paragraph_index"": 7, ""heading_level"": 2, ""section_heading"": ""Al Fakherメロンの特徴"", ""paragraph_text"": ""温度を上げることで甘みがしっかり乗っていきますが、瓜っぽさは多少残ります。ただし、近年ではAl Fakherのメロンにも変化があり、昔のロットよりもかなり甘みは強いです。"", ""is_recommended_mix_section"": false}, {""paragraph_index"": 8, ""heading_level"": 2, ""section_heading"": ""Al Fakherメロンの重さは?"", ""paragraph_text"": ""Al Fakherは中東系のフレーバーであるため、基本的にはどのフレーバーも重く、しっかりとした吸いごたえがあります。"", ""is_recommended_mix_section"": false}, {""paragraph_index"": 9, ""heading_level"": 2, ""section_heading"": ""Al Fakherメロンの重さは?"", ""paragraph_text"": ""とても重い / ミント/ツーアップル"", ""is_recommended_mix_section"": false}, {""paragraph_index"": 10, ""heading_level"": 2, ""section_heading"": ""Al Fakherメロンの重さは?"", ""paragraph_text"": ""かなり重い / グレープフルーツ/グレナデン スイカ/ メロン /レモン"", ""is_recommended_mix_section"": false}, {""paragraph_index"": 11, ""heading_level"": 2, ""section_heading"": ""Al Fakherメロンの重さは?"", ""paragraph_text"": ""やや重い / ブルーベリー/ストロベリー/キウイ オレンジ/ピーチ マンゴー/グアバ/グレープ/ローズ"", ""is_recommended_mix_section"": false}, {""paragraph_index"": 12, ""heading_level"": 2, ""section_heading"": ""Al Fakherメロンの重さは?"", ""paragraph_text"": ""重い / ココナッツ/バニラ/カルダモン チョコレート/カプチーノ"", ""is_recommended_mix_section"": false}, {""paragraph_index"": 13, ""heading_level"": 2, ""section_heading"": ""Al Fakherメロンの重さは?"", ""paragraph_text"": ""メロンはAl Fakherの中でもかなり重い部類であり、しっかりとした吸いごたえが期待できます。 キック感が強いのはもちろんのこと、温度を高めていくときにイガりが発生しやすい です。"", ""is_recommended_mix_section"": false}, {""paragraph_index"": 14, ""heading_level"": 2, ""section_heading"": ""Al Fakherメロンの重さは?"", ""paragraph_text"": ""そのため、吸い出しで煙がきついと感じやすく、慣れていない人だと上手く吸い出せない場合もあるでしょう。味を出すにはキック感やイガりに耐えながら、じっくりと温度を上げていく必要があります。丁寧に蒸らし、温度を安定させることで、とろっとした甘さを出すことができ、青みを和らげられます。"", ""is_recommended_mix_section"": false}, {""paragraph_index"": 15, ""heading_level"": 2, ""section_heading"": ""Al Fakherメロンのおすすめミックス"", ""paragraph_text"": ""Al Fakherのメロンは、さまざまなフレーバーとミックスして楽しめます。"", ""is_recommended_mix_section"": true}, {""paragraph_index"": 16, ""heading_level"": 2, ""section_heading"": ""Al Fakherメロンのおすすめミックス"", ""paragraph_text"": ""フルーツ系 / スイーツ系 / スパイス/フローラル系"", ""is_recommended_mix_section"": true}, {""paragraph_index"": 17, ""heading_level"": 2, ""section_heading"": ""Al Fakherメロンのおすすめミックス"", ""paragraph_text"": ""スイカ/グアバ オレンジ/レモン ピーチ/ココナッツ ライチ/マンゴー / バニラ/ミルク キャラメル / カルダモン シナモン ローズ"", ""is_recommended_mix_section"": true}, {""paragraph_index"": 18, ""heading_level"": 2, ""section_heading"": ""Al Fakherメロンのおすすめミックス"", ""paragraph_text"": ""メロンと同様に青みのあるスイカやグアバ、マンゴーなどは相性がよいです。また、 爽やかに吸いたい場合はオレンジと組み合わせるのがおすすめ です。"", ""is_recommended_mix_section"": true}, {""paragraph_index"": 19, ""heading_level"": 2, ""section_heading"": ""Al Fakherメロンのおすすめミックス"", ""paragraph_text"": ""青みがある分、スイーツ系で合わせる場合は選択肢は限定的であり、バニラやミルクなど、スタンダードなフレーバーと混ぜるとよいでしょう。"", ""is_recommended_mix_section"": true}, {""paragraph_index"": 20, ""heading_level"": 2, ""section_heading"": ""Al Fakherメロンのおすすめミックス"", ""paragraph_text"": ""スパイス系ではカルダモンやシナモンとミックスがおすすめです。フローラル系はローズと相性がよく、メロンとローズ、ミルクなどで混ぜるとバランスが取りやすいでしょう。"", ""is_recommended_mix_section"": true}, {""paragraph_index"": 21, ""heading_level"": 2, ""section_heading"": ""甘すぎないメロンがAl Fakherの特徴"", ""paragraph_text"": ""Al Fakherのメロンは甘すぎず、すっきりとした味わいで吸うことができます。やや皮っぽさがあるため、好みはわかれるかもしれません。しかし、 くどい甘さではないため、爽やかなミックスを楽しめる点は魅力 でしょう。"", ""is_recommended_mix_section"": false}]",True,Al Fakherメロンのおすすめミックス,"Al Fakherのメロンは、さまざまなフレーバーとミックスして楽しめます。
フルーツ系 / スイーツ系 / スパイス/フローラル系
スイカ/グアバ オレンジ/レモン ピーチ/ココナッツ ライチ/マンゴー / バニラ/ミルク キャラメル / カルダモン シナモン ローズ
メロンと同様に青みのあるスイカやグアバ、マンゴーなどは相性がよいです。また、 爽やかに吸いたい場合はオレンジと組み合わせるのがおすすめ です。
青みがある分、スイーツ系で合わせる場合は選択肢は限定的であり、バニラやミルクなど、スタンダードなフレーバーと混ぜるとよいでしょう。
スパイス系ではカルダモンやシナモンとミックスがおすすめです。フローラル系はローズと相性がよく、メロンとローズ、ミルクなどで混ぜるとバランスが取りやすいでしょう。",2026-07-29T10:36:47+00:00,be0d55a3b369d028d7b5dafd57b1675f8e879cd1b3cdfbef612d256dbc040943
lagos_af-grenadine-review,shisha_lagos,editorial_review,フレーバーレビュー,https://shisha-lagos.com/af-grenadine-review/,https://shisha-lagos.com/af-grenadine-review/,af-grenadine-review,Al Fakherグレナデンのフレーバーレビュー|特徴やおすすめミックスなど,Al Fakher,グレナデン,AL FAKHER(アルファーヘル)   シーシャフレーバー 50g,2025.04.10,2024.12.28,nkou1213,グレナデンのフレーバーはさまざまなメーカーから発売されていますが、Al Fakherは特に完成度が高く、人気のある一品です。Al Fakherのグレナデンはどのような特徴があるのか、おすすめミックスなども参考にしながら、知っていきましょう。Al Fakherグレナデンの特徴まずはAl Fak,"グレナデンのフレーバーはさまざまなメーカーから発売されていますが、A l Fakherは特に完成度が高く、人気のある一品 です。Al Fakherのグレナデンはどのような特徴があるのか、おすすめミックスなども参考にしながら、知っていきましょう。
まずはAl Fakherのグレナデンは、どのような特徴を持つのか、温度変化に照らし合わせて知っていきましょう。
温度 / 味の変化
中低温 / 甘み/ややチョコやコーヒーのような香り
高温 / 甘酸っぱさ/酸味/ややチェリーの香り
グレナデンはベリーのような風味を持つフレーバーです。基本的には甘い/甘酸っぱいという味の性質を持ちますが、 しっかりと熱が入りきらないとチョコレートやコーヒーのような、苦味や雑味を含んだ甘さが出ることも あります。
また、Al Fakherのグレナデンはチェリーの香りも含まれており、これがベリー系に感じやすい理由でもあるでしょう。グレナデンはざくろを加工して作るシロップの名称であり、ざくろの果実そのものを再現したフレーバーではありません。
実際のざくろはかなり酸味の強い食べ物ですが、フレーバーの味では甘みが強くなっているのは、果実ではなく加工したシロップを表現しているからといえるでしょう。
ざくろの果実としての英語表記はポムグレナート(pomegranate)であり、加工したシロップはグレナデン(grenadine)と表記されています。また、英語圏ではグレナデンシロップはざくろを使用する場合だけではなく、数種類のベリーを使用して作られることもあります。
このような背景もあって、グレナデンはベリー系のフレーバーと似た甘酸っぱさがあるともいえるでしょう。
Al Fakherは中東系のフレーバーであるため、基本的にはどのフレーバーも重く、しっかりとした吸いごたえがあります。
とても重い / ミント/ツーアップル
かなり重い / グレープフルーツ/ グレナデン スイカ/メロン/レモン
やや重い / ブルーベリー/ストロベリー/キウイ オレンジ/ピーチ マンゴー/グアバ/グレープ/ローズ
重い / ココナッツ/バニラ/カルダモン チョコレート/カプチーノ
グレナデンはAl Fakherの中でも、かなり重いフレーバーです。熱を入れている段階でキック感が強く出やすく、またイガリも発生しやすいです。キックの感じやすさは個人差がありますが、グレナデンはその重さから、特に強いキックを感じやすい場合が多いでしょう。
また、 しっかりと熱を入れなければきれいに味が出ないため、吸い出しの段階ではきつく感じやすいフレーバーです。 苦味や雑味が残る場合は、熱が入り切っていない可能性が高く、キックやイガリを飛ばしながら温度を上げていかなければなりません。
ただし、十分に熱が入ると吸いごたえがありながらも、煙はなめらかな質感になります。重さを残しながらも、きれいな煙の質感を作るのが難しいため、Al Fakherの中でも中上級者向けのフレーバーといえるでしょう。
ベリーの風味も強いグレナデンは、ベリー系はもちろん、その他のさまざまなフレーバーとミックスして楽しめます。
フルーツ系 / スイーツ系 / スパイス/フローラル系
ブルーベリー/ラズベリー キウイ/チェリー ストロベリー/レモン パッションフルーツ ライチ/グレープフルーツ オレンジ/ピーチ / ミルク/ハニー / カルダモン/アールグレイ シナモン/ローズ
グレナデンは多数のフルーツを合わせることができ、メインとサブの両方に使えます。 グレナデンは味が強いため、メインにすると他のフレーバーに負けることが少ないです。また、サブにした場合も深みを出すことができるため、汎用性は高いといえるでしょう。
スイーツ系のフレーバーは相性のよいものが少ないですが、ミルクと混ぜることで「ざくろヨーグルト」のようなシーシャを作ることができます。
スパイス系はカルダモンやジンジャーエールなど、生姜っぽさのあるフレーバーと相性がよいです。ノンアルコールカクテルに「シャーリーテンプル」というものがあり、これはジンジャーエールとグレナデンシロップを使用します。
ノンアルコールカクテルの再現シーシャとして、カルダモンやジンジャーエールなどは相性がよく、お好みでレモンなどの柑橘系フレーバーを足してもよいでしょう。
Al Fakherのグレナデンは、ざくろの果実ではなく、ざくろを加工したシロップの味を再現したものです。そのため、果実由来の強い酸味よりも、砂糖を追加したシロップらしい甘さがあります。
数多くのフルーツとミックスできるだけではなく、スパイス系との相性もよいため、さまざまな味を楽しめるでしょう。","[{""heading_level"": 2, ""heading_text"": ""Al Fakherグレナデンの特徴""}, {""heading_level"": 2, ""heading_text"": ""Al Fakherグレナデンの重さは?""}, {""heading_level"": 2, ""heading_text"": ""Al Fakherグレナデンのおすすめミックス""}, {""heading_level"": 2, ""heading_text"": ""グレナデンは加工されたシロップの甘さ""}]","[{""paragraph_index"": 1, ""heading_level"": """", ""section_heading"": """", ""paragraph_text"": ""グレナデンのフレーバーはさまざまなメーカーから発売されていますが、A l Fakherは特に完成度が高く、人気のある一品 です。Al Fakherのグレナデンはどのような特徴があるのか、おすすめミックスなども参考にしながら、知っていきましょう。"", ""is_recommended_mix_section"": false}, {""paragraph_index"": 2, ""heading_level"": 2, ""section_heading"": ""Al Fakherグレナデンの特徴"", ""paragraph_text"": ""まずはAl Fakherのグレナデンは、どのような特徴を持つのか、温度変化に照らし合わせて知っていきましょう。"", ""is_recommended_mix_section"": false}, {""paragraph_index"": 3, ""heading_level"": 2, ""section_heading"": ""Al Fakherグレナデンの特徴"", ""paragraph_text"": ""温度 / 味の変化"", ""is_recommended_mix_section"": false}, {""paragraph_index"": 4, ""heading_level"": 2, ""section_heading"": ""Al Fakherグレナデンの特徴"", ""paragraph_text"": ""中低温 / 甘み/ややチョコやコーヒーのような香り"", ""is_recommended_mix_section"": false}, {""paragraph_index"": 5, ""heading_level"": 2, ""section_heading"": ""Al Fakherグレナデンの特徴"", ""paragraph_text"": ""高温 / 甘酸っぱさ/酸味/ややチェリーの香り"", ""is_recommended_mix_section"": false}, {""paragraph_index"": 6, ""heading_level"": 2, ""section_heading"": ""Al Fakherグレナデンの特徴"", ""paragraph_text"": ""グレナデンはベリーのような風味を持つフレーバーです。基本的には甘い/甘酸っぱいという味の性質を持ちますが、 しっかりと熱が入りきらないとチョコレートやコーヒーのような、苦味や雑味を含んだ甘さが出ることも あります。"", ""is_recommended_mix_section"": false}, {""paragraph_index"": 7, ""heading_level"": 2, ""section_heading"": ""Al Fakherグレナデンの特徴"", ""paragraph_text"": ""また、Al Fakherのグレナデンはチェリーの香りも含まれており、これがベリー系に感じやすい理由でもあるでしょう。グレナデンはざくろを加工して作るシロップの名称であり、ざくろの果実そのものを再現したフレーバーではありません。"", ""is_recommended_mix_section"": false}, {""paragraph_index"": 8, ""heading_level"": 2, ""section_heading"": ""Al Fakherグレナデンの特徴"", ""paragraph_text"": ""実際のざくろはかなり酸味の強い食べ物ですが、フレーバーの味では甘みが強くなっているのは、果実ではなく加工したシロップを表現しているからといえるでしょう。"", ""is_recommended_mix_section"": false}, {""paragraph_index"": 9, ""heading_level"": 2, ""section_heading"": ""Al Fakherグレナデンの特徴"", ""paragraph_text"": ""ざくろの果実としての英語表記はポムグレナート(pomegranate)であり、加工したシロップはグレナデン(grenadine)と表記されています。また、英語圏ではグレナデンシロップはざくろを使用する場合だけではなく、数種類のベリーを使用して作られることもあります。"", ""is_recommended_mix_section"": false}, {""paragraph_index"": 10, ""heading_level"": 2, ""section_heading"": ""Al Fakherグレナデンの特徴"", ""paragraph_text"": ""このような背景もあって、グレナデンはベリー系のフレーバーと似た甘酸っぱさがあるともいえるでしょう。"", ""is_recommended_mix_section"": false}, {""paragraph_index"": 11, ""heading_level"": 2, ""section_heading"": ""Al Fakherグレナデンの重さは?"", ""paragraph_text"": ""Al Fakherは中東系のフレーバーであるため、基本的にはどのフレーバーも重く、しっかりとした吸いごたえがあります。"", ""is_recommended_mix_section"": false}, {""paragraph_index"": 12, ""heading_level"": 2, ""section_heading"": ""Al Fakherグレナデンの重さは?"", ""paragraph_text"": ""とても重い / ミント/ツーアップル"", ""is_recommended_mix_section"": false}, {""paragraph_index"": 13, ""heading_level"": 2, ""section_heading"": ""Al Fakherグレナデンの重さは?"", ""paragraph_text"": ""かなり重い / グレープフルーツ/ グレナデン スイカ/メロン/レモン"", ""is_recommended_mix_section"": false}, {""paragraph_index"": 14, ""heading_level"": 2, ""section_heading"": ""Al Fakherグレナデンの重さは?"", ""paragraph_text"": ""やや重い / ブルーベリー/ストロベリー/キウイ オレンジ/ピーチ マンゴー/グアバ/グレープ/ローズ"", ""is_recommended_mix_section"": false}, {""paragraph_index"": 15, ""heading_level"": 2, ""section_heading"": ""Al Fakherグレナデンの重さは?"", ""paragraph_text"": ""重い / ココナッツ/バニラ/カルダモン チョコレート/カプチーノ"", ""is_recommended_mix_section"": false}, {""paragraph_index"": 16, ""heading_level"": 2, ""section_heading"": ""Al Fakherグレナデンの重さは?"", ""paragraph_text"": ""グレナデンはAl Fakherの中でも、かなり重いフレーバーです。熱を入れている段階でキック感が強く出やすく、またイガリも発生しやすいです。キックの感じやすさは個人差がありますが、グレナデンはその重さから、特に強いキックを感じやすい場合が多いでしょう。"", ""is_recommended_mix_section"": false}, {""paragraph_index"": 17, ""heading_level"": 2, ""section_heading"": ""Al Fakherグレナデンの重さは?"", ""paragraph_text"": ""また、 しっかりと熱を入れなければきれいに味が出ないため、吸い出しの段階ではきつく感じやすいフレーバーです。 苦味や雑味が残る場合は、熱が入り切っていない可能性が高く、キックやイガリを飛ばしながら温度を上げていかなければなりません。"", ""is_recommended_mix_section"": false}, {""paragraph_index"": 18, ""heading_level"": 2, ""section_heading"": ""Al Fakherグレナデンの重さは?"", ""paragraph_text"": ""ただし、十分に熱が入ると吸いごたえがありながらも、煙はなめらかな質感になります。重さを残しながらも、きれいな煙の質感を作るのが難しいため、Al Fakherの中でも中上級者向けのフレーバーといえるでしょう。"", ""is_recommended_mix_section"": false}, {""paragraph_index"": 19, ""heading_level"": 2, ""section_heading"": ""Al Fakherグレナデンのおすすめミックス"", ""paragraph_text"": ""ベリーの風味も強いグレナデンは、ベリー系はもちろん、その他のさまざまなフレーバーとミックスして楽しめます。"", ""is_recommended_mix_section"": true}, {""paragraph_index"": 20, ""heading_level"": 2, ""section_heading"": ""Al Fakherグレナデンのおすすめミックス"", ""paragraph_text"": ""フルーツ系 / スイーツ系 / スパイス/フローラル系"", ""is_recommended_mix_section"": true}, {""paragraph_index"": 21, ""heading_level"": 2, ""section_heading"": ""Al Fakherグレナデンのおすすめミックス"", ""paragraph_text"": ""ブルーベリー/ラズベリー キウイ/チェリー ストロベリー/レモン パッションフルーツ ライチ/グレープフルーツ オレンジ/ピーチ / ミルク/ハニー / カルダモン/アールグレイ シナモン/ローズ"", ""is_recommended_mix_section"": true}, {""paragraph_index"": 22, ""heading_level"": 2, ""section_heading"": ""Al Fakherグレナデンのおすすめミックス"", ""paragraph_text"": ""グレナデンは多数のフルーツを合わせることができ、メインとサブの両方に使えます。 グレナデンは味が強いため、メインにすると他のフレーバーに負けることが少ないです。また、サブにした場合も深みを出すことができるため、汎用性は高いといえるでしょう。"", ""is_recommended_mix_section"": true}, {""paragraph_index"": 23, ""heading_level"": 2, ""section_heading"": ""Al Fakherグレナデンのおすすめミックス"", ""paragraph_text"": ""スイーツ系のフレーバーは相性のよいものが少ないですが、ミルクと混ぜることで「ざくろヨーグルト」のようなシーシャを作ることができます。"", ""is_recommended_mix_section"": true}, {""paragraph_index"": 24, ""heading_level"": 2, ""section_heading"": ""Al Fakherグレナデンのおすすめミックス"", ""paragraph_text"": ""スパイス系はカルダモンやジンジャーエールなど、生姜っぽさのあるフレーバーと相性がよいです。ノンアルコールカクテルに「シャーリーテンプル」というものがあり、これはジンジャーエールとグレナデンシロップを使用します。"", ""is_recommended_mix_section"": true}, {""paragraph_index"": 25, ""heading_level"": 2, ""section_heading"": ""Al Fakherグレナデンのおすすめミックス"", ""paragraph_text"": ""ノンアルコールカクテルの再現シーシャとして、カルダモンやジンジャーエールなどは相性がよく、お好みでレモンなどの柑橘系フレーバーを足してもよいでしょう。"", ""is_recommended_mix_section"": true}, {""paragraph_index"": 26, ""heading_level"": 2, ""section_heading"": ""グレナデンは加工されたシロップの甘さ"", ""paragraph_text"": ""Al Fakherのグレナデンは、ざくろの果実ではなく、ざくろを加工したシロップの味を再現したものです。そのため、果実由来の強い酸味よりも、砂糖を追加したシロップらしい甘さがあります。"", ""is_recommended_mix_section"": false}, {""paragraph_index"": 27, ""heading_level"": 2, ""section_heading"": ""グレナデンは加工されたシロップの甘さ"", ""paragraph_text"": ""数多くのフルーツとミックスできるだけではなく、スパイス系との相性もよいため、さまざまな味を楽しめるでしょう。"", ""is_recommended_mix_section"": false}]",True,Al Fakherグレナデンのおすすめミックス,"ベリーの風味も強いグレナデンは、ベリー系はもちろん、その他のさまざまなフレーバーとミックスして楽しめます。
フルーツ系 / スイーツ系 / スパイス/フローラル系
ブルーベリー/ラズベリー キウイ/チェリー ストロベリー/レモン パッションフルーツ ライチ/グレープフルーツ オレンジ/ピーチ / ミルク/ハニー / カルダモン/アールグレイ シナモン/ローズ
グレナデンは多数のフルーツを合わせることができ、メインとサブの両方に使えます。 グレナデンは味が強いため、メインにすると他のフレーバーに負けることが少ないです。また、サブにした場合も深みを出すことができるため、汎用性は高いといえるでしょう。
スイーツ系のフレーバーは相性のよいものが少ないですが、ミルクと混ぜることで「ざくろヨーグルト」のようなシーシャを作ることができます。
スパイス系はカルダモンやジンジャーエールなど、生姜っぽさのあるフレーバーと相性がよいです。ノンアルコールカクテルに「シャーリーテンプル」というものがあり、これはジンジャーエールとグレナデンシロップを使用します。
ノンアルコールカクテルの再現シーシャとして、カルダモンやジンジャーエールなどは相性がよく、お好みでレモンなどの柑橘系フレーバーを足してもよいでしょう。",2026-07-29T10:36:51+00:00,e8362b367e554a2793800d476db1d4806f6fde063d9e6e5f1b162dd20394675f
lagos_af-kiwi-review,shisha_lagos,editorial_review,フレーバーレビュー,https://shisha-lagos.com/af-kiwi-review/,https://shisha-lagos.com/af-kiwi-review/,af-kiwi-review,Al Fakherキウイのフレーバーレビュー|特徴やおすすめミックスなどをご紹介,Al Fakher,キウイ,AL FAKHER(アルファーヘル)   シーシャフレーバー 50g,2025.03.10,2024.12.28,nkou1213,酸味と甘みの両方を持ち合わせるキウイは、Al Fakherの中でも屈指の名作といえます。今回はAl Fakherのキウイはどのようなフレーバーなのか、特徴やおすすめミックスなどを紹介します。Al Fakherキウイの特徴まずはAl Fakherのキウイが温度変化により、どのように味が変わって,"酸味と甘みの両方を持ち合わせるキウイは、 Al Fakherの中でも屈指の名作 といえます。今回はAl Fakherのキウイはどのようなフレーバーなのか、特徴やおすすめミックスなどを紹介します。
まずはAl Fakherのキウイが温度変化により、どのように味が変わっていくのかを知っていきましょう。
温度 / 味の変化
中低温 / 甘さ/少し強い青み/やや酸味
高温 / 酸味/やや青み
Al Fakherのキウイは低い温度で甘さが、高い温度で酸味が出やすいフレーバー です。また、ロットによる違いもありますが、青みもあります。フレーバーの状態による差はありますが、低い温度のほうが青みを感じやすいでしょう。
酸味の段階でも青みはあるものの、フレーバーの味が強く出る分、青みはやや感じづらくなります。温度帯によって甘みと酸味がはっきり分かれやすいため、ミックスするフレーバー次第で、温度を調整するとよいでしょう。
Al Fakherは中東系のフレーバーであるため、基本的にはどのフレーバーも重く、しっかりとした吸いごたえがあります。
とても重い / ミント/ツーアップル
かなり重い / グレープフルーツ/グレナデン スイカ/メロン/レモン
やや重い / ブルーベリー /ストロベリー/キウイ オレンジ/ピーチ マンゴー/グアバ/グレープ/ローズ
重い / ココナッツ/バニラ/カルダモン チョコレート/カプチーノ
キウイはAl Fakherの中でも、やや重いフレーバーです。特別に重いわけではなく、Al Fakherの標準的な重さといえるでしょう。ただし、 味の強いフレーバーであるため、高い温度で作り、吸いごたえを高めていくことも可能 です。
中低温帯で甘さは出るものの、他社メーカーから甘いキウイは多数発売されています。Al Fakherのキウイは甘さだけではなく、青みも強く出やすいため、純粋に甘いキウイを吸いたい場合は他社メーカーのフレーバーを使用するのがおすすめです。
Al Fakherのキウイは酸味が特徴的であるため、基本的には高い温度で作り、ソリッドに味を出すほうが適しています。
Al Fakherのキウイは、甘さと酸味の両方を活かしてミックスを考えることができます。
フルーツ系 / スイーツ系 / スパイス/フローラル系
レモン/ライム グレナデン/グレープ パッションフルーツ グアバ / × / ジンジャーエール レモングラス カルダモン
フルーツ系で合わせる場合は、 レモンやライムなど、酸味の強い柑橘系がおすすめ です。また、甘酸っぱさを活かしてグレナデンやパッションフルーツ、青みを伸ばす方向性でグレープやグアバと混ぜてもよいでしょう。
Al Fakherのキウイは甘さがありますが、青みも強く出るため、スイーツ系のフレーバーとは基本的に相性がよくありません。そのため、無理にスイーツ系で考えるよりも、フルーツやスパイスとのミックスを考えたほうがよいでしょう。
スパイス系では柑橘と属性の近い、カルダモンやジンジャーエールなどのフレーバーとのミックスがおすすめです。それぞれ高い温度で酸味が出るため、キウイの温度帯とも合いやすいでしょう。
熱に強いAl Fakherのフレーバーは、高い温度まで上げたほうが美味しく吸えるものが多いです。キウイは顕著にその傾向があり、高い温度に設定することで十分な吸いごたえと、濃い味を再現できます。
もちろん、中低温帯でも美味しく吸えますが、温度を下げる場合は、どのフレーバーとミックスするかを十分に考える必要があります。","[{""heading_level"": 2, ""heading_text"": ""Al Fakherキウイの特徴""}, {""heading_level"": 2, ""heading_text"": ""Al Fakherキウイの重さは?""}, {""heading_level"": 2, ""heading_text"": ""Al Fakherキウイのおすすめミックス""}, {""heading_level"": 2, ""heading_text"": ""Al Fakherのキウイは怖がらずに温度を上げよう""}]","[{""paragraph_index"": 1, ""heading_level"": """", ""section_heading"": """", ""paragraph_text"": ""酸味と甘みの両方を持ち合わせるキウイは、 Al Fakherの中でも屈指の名作 といえます。今回はAl Fakherのキウイはどのようなフレーバーなのか、特徴やおすすめミックスなどを紹介します。"", ""is_recommended_mix_section"": false}, {""paragraph_index"": 2, ""heading_level"": 2, ""section_heading"": ""Al Fakherキウイの特徴"", ""paragraph_text"": ""まずはAl Fakherのキウイが温度変化により、どのように味が変わっていくのかを知っていきましょう。"", ""is_recommended_mix_section"": false}, {""paragraph_index"": 3, ""heading_level"": 2, ""section_heading"": ""Al Fakherキウイの特徴"", ""paragraph_text"": ""温度 / 味の変化"", ""is_recommended_mix_section"": false}, {""paragraph_index"": 4, ""heading_level"": 2, ""section_heading"": ""Al Fakherキウイの特徴"", ""paragraph_text"": ""中低温 / 甘さ/少し強い青み/やや酸味"", ""is_recommended_mix_section"": false}, {""paragraph_index"": 5, ""heading_level"": 2, ""section_heading"": ""Al Fakherキウイの特徴"", ""paragraph_text"": ""高温 / 酸味/やや青み"", ""is_recommended_mix_section"": false}, {""paragraph_index"": 6, ""heading_level"": 2, ""section_heading"": ""Al Fakherキウイの特徴"", ""paragraph_text"": ""Al Fakherのキウイは低い温度で甘さが、高い温度で酸味が出やすいフレーバー です。また、ロットによる違いもありますが、青みもあります。フレーバーの状態による差はありますが、低い温度のほうが青みを感じやすいでしょう。"", ""is_recommended_mix_section"": false}, {""paragraph_index"": 7, ""heading_level"": 2, ""section_heading"": ""Al Fakherキウイの特徴"", ""paragraph_text"": ""酸味の段階でも青みはあるものの、フレーバーの味が強く出る分、青みはやや感じづらくなります。温度帯によって甘みと酸味がはっきり分かれやすいため、ミックスするフレーバー次第で、温度を調整するとよいでしょう。"", ""is_recommended_mix_section"": false}, {""paragraph_index"": 8, ""heading_level"": 2, ""section_heading"": ""Al Fakherキウイの重さは?"", ""paragraph_text"": ""Al Fakherは中東系のフレーバーであるため、基本的にはどのフレーバーも重く、しっかりとした吸いごたえがあります。"", ""is_recommended_mix_section"": false}, {""paragraph_index"": 9, ""heading_level"": 2, ""section_heading"": ""Al Fakherキウイの重さは?"", ""paragraph_text"": ""とても重い / ミント/ツーアップル"", ""is_recommended_mix_section"": false}, {""paragraph_index"": 10, ""heading_level"": 2, ""section_heading"": ""Al Fakherキウイの重さは?"", ""paragraph_text"": ""かなり重い / グレープフルーツ/グレナデン スイカ/メロン/レモン"", ""is_recommended_mix_section"": false}, {""paragraph_index"": 11, ""heading_level"": 2, ""section_heading"": ""Al Fakherキウイの重さは?"", ""paragraph_text"": ""やや重い / ブルーベリー /ストロベリー/キウイ オレンジ/ピーチ マンゴー/グアバ/グレープ/ローズ"", ""is_recommended_mix_section"": false}, {""paragraph_index"": 12, ""heading_level"": 2, ""section_heading"": ""Al Fakherキウイの重さは?"", ""paragraph_text"": ""重い / ココナッツ/バニラ/カルダモン チョコレート/カプチーノ"", ""is_recommended_mix_section"": false}, {""paragraph_index"": 13, ""heading_level"": 2, ""section_heading"": ""Al Fakherキウイの重さは?"", ""paragraph_text"": ""キウイはAl Fakherの中でも、やや重いフレーバーです。特別に重いわけではなく、Al Fakherの標準的な重さといえるでしょう。ただし、 味の強いフレーバーであるため、高い温度で作り、吸いごたえを高めていくことも可能 です。"", ""is_recommended_mix_section"": false}, {""paragraph_index"": 14, ""heading_level"": 2, ""section_heading"": ""Al Fakherキウイの重さは?"", ""paragraph_text"": ""中低温帯で甘さは出るものの、他社メーカーから甘いキウイは多数発売されています。Al Fakherのキウイは甘さだけではなく、青みも強く出やすいため、純粋に甘いキウイを吸いたい場合は他社メーカーのフレーバーを使用するのがおすすめです。"", ""is_recommended_mix_section"": false}, {""paragraph_index"": 15, ""heading_level"": 2, ""section_heading"": ""Al Fakherキウイの重さは?"", ""paragraph_text"": ""Al Fakherのキウイは酸味が特徴的であるため、基本的には高い温度で作り、ソリッドに味を出すほうが適しています。"", ""is_recommended_mix_section"": false}, {""paragraph_index"": 16, ""heading_level"": 2, ""section_heading"": ""Al Fakherキウイのおすすめミックス"", ""paragraph_text"": ""Al Fakherのキウイは、甘さと酸味の両方を活かしてミックスを考えることができます。"", ""is_recommended_mix_section"": true}, {""paragraph_index"": 17, ""heading_level"": 2, ""section_heading"": ""Al Fakherキウイのおすすめミックス"", ""paragraph_text"": ""フルーツ系 / スイーツ系 / スパイス/フローラル系"", ""is_recommended_mix_section"": true}, {""paragraph_index"": 18, ""heading_level"": 2, ""section_heading"": ""Al Fakherキウイのおすすめミックス"", ""paragraph_text"": ""レモン/ライム グレナデン/グレープ パッションフルーツ グアバ / × / ジンジャーエール レモングラス カルダモン"", ""is_recommended_mix_section"": true}, {""paragraph_index"": 19, ""heading_level"": 2, ""section_heading"": ""Al Fakherキウイのおすすめミックス"", ""paragraph_text"": ""フルーツ系で合わせる場合は、 レモンやライムなど、酸味の強い柑橘系がおすすめ です。また、甘酸っぱさを活かしてグレナデンやパッションフルーツ、青みを伸ばす方向性でグレープやグアバと混ぜてもよいでしょう。"", ""is_recommended_mix_section"": true}, {""paragraph_index"": 20, ""heading_level"": 2, ""section_heading"": ""Al Fakherキウイのおすすめミックス"", ""paragraph_text"": ""Al Fakherのキウイは甘さがありますが、青みも強く出るため、スイーツ系のフレーバーとは基本的に相性がよくありません。そのため、無理にスイーツ系で考えるよりも、フルーツやスパイスとのミックスを考えたほうがよいでしょう。"", ""is_recommended_mix_section"": true}, {""paragraph_index"": 21, ""heading_level"": 2, ""section_heading"": ""Al Fakherキウイのおすすめミックス"", ""paragraph_text"": ""スパイス系では柑橘と属性の近い、カルダモンやジンジャーエールなどのフレーバーとのミックスがおすすめです。それぞれ高い温度で酸味が出るため、キウイの温度帯とも合いやすいでしょう。"", ""is_recommended_mix_section"": true}, {""paragraph_index"": 22, ""heading_level"": 2, ""section_heading"": ""Al Fakherのキウイは怖がらずに温度を上げよう"", ""paragraph_text"": ""熱に強いAl Fakherのフレーバーは、高い温度まで上げたほうが美味しく吸えるものが多いです。キウイは顕著にその傾向があり、高い温度に設定することで十分な吸いごたえと、濃い味を再現できます。"", ""is_recommended_mix_section"": false}, {""paragraph_index"": 23, ""heading_level"": 2, ""section_heading"": ""Al Fakherのキウイは怖がらずに温度を上げよう"", ""paragraph_text"": ""もちろん、中低温帯でも美味しく吸えますが、温度を下げる場合は、どのフレーバーとミックスするかを十分に考える必要があります。"", ""is_recommended_mix_section"": false}]",True,Al Fakherキウイのおすすめミックス,"Al Fakherのキウイは、甘さと酸味の両方を活かしてミックスを考えることができます。
フルーツ系 / スイーツ系 / スパイス/フローラル系
レモン/ライム グレナデン/グレープ パッションフルーツ グアバ / × / ジンジャーエール レモングラス カルダモン
フルーツ系で合わせる場合は、 レモンやライムなど、酸味の強い柑橘系がおすすめ です。また、甘酸っぱさを活かしてグレナデンやパッションフルーツ、青みを伸ばす方向性でグレープやグアバと混ぜてもよいでしょう。
Al Fakherのキウイは甘さがありますが、青みも強く出るため、スイーツ系のフレーバーとは基本的に相性がよくありません。そのため、無理にスイーツ系で考えるよりも、フルーツやスパイスとのミックスを考えたほうがよいでしょう。
スパイス系では柑橘と属性の近い、カルダモンやジンジャーエールなどのフレーバーとのミックスがおすすめです。それぞれ高い温度で酸味が出るため、キウイの温度帯とも合いやすいでしょう。",2026-07-29T10:36:55+00:00,a44c8277225f7e6ebcaee4545612b3b56201096c06c5715c523a166e1606ecaf
lagos_af-peach-review,shisha_lagos,editorial_review,フレーバーレビュー,https://shisha-lagos.com/af-peach-review/,https://shisha-lagos.com/af-peach-review/,af-peach-review,Al Fakherピーチのフレーバーレビュー|特徴やおすすめミックスなどをご紹介,Al Fakher,ピーチ,AL FAKHER(アルファーヘル)   シーシャフレーバー 50g,2025.02.10,2025.01.09,nkou1213,フレッシュな味わいのピーチは、爽やか系のフレーバーとして人気が高いです。中東の代表的なメーカーであるAl Fakherでも、もちろんピーチは発売されています。ピーチはメーカーごとの違いが特に大きいフレーバーなので、Al Fakherはどのような特徴があるのかを知っておきましょう。Al F,"フレッシュな味わいのピーチは、爽やか系のフレーバーとして人気が高いです。中東の代表的なメーカーであるAl Fakherでも、もちろんピーチは発売されています。
ピーチはメーカーごとの違いが特に大きいフレーバー なので、Al Fakherはどのような特徴があるのかを知っておきましょう。
Al Fakherのピーチは、甘さを持ちつつも、比較的爽やかな味わいです。
温度 / 味の変化
中低温 / 少しの炭酸感/爽やかな甘さ/やや芳香剤の香り
高温 / 微炭酸感に甘さ/軽やかな爽やかさ/果実感
甘い系統が多いピーチのフレーバーですが、Al Fakherはそれほど甘みは強くありません。もちろん、ピーチらしい甘さはありますが、黄桃のようなどろりとした甘さではなく、 白桃に近い爽やかな甘み といえるでしょう。
この爽やかさに起因して、中低温帯では少し炭酸っぽさを感じるかもしれません。また、香水っぽさや芳香剤っぽさを感じる人もいます。
高い温度までいくと、若干の炭酸感/シュワシュワ感がありながらも、桃らしい甘さが出てきます。果実感も強くなる一方で、その爽やかさからりんごや梨の風味を感じる人もいるかもしれません。
どろりとした黄桃の甘さを求める場合は、ピーチのフレーバーの中でも「ネクタリン」や「ネクター」とされる、加工品を表現したフレーバーを選ぶとよいでしょう。ケミカルさが少なく、果実味が強いものを求める場合は、Al Fakherをはじめとした、果実としてのピーチフレーバーがおすすめです。
Al Fakherは中東系のフレーバーであるため、基本的にはどのフレーバーも重く、しっかりとした吸いごたえがあります。
とても重い / ミント/ツーアップル
かなり重い / グレープフルーツ/グレナデン スイカ/メロン/レモン
やや重い / ブルーベリー/ストロベリー/キウイ オレンジ/ ピーチ マンゴー/グアバ/グレープ/ローズ
重い / ココナッツ/バニラ/カルダモン チョコレート/カプチーノ
ピーチはやや重いフレーバーであり、Al Fakherの中では標準的な重さです。Al Fakherをはじめとした、中東系のフレーバーは、その重さからキック感が強く出るものが多いです。
しかし、厄介なことにAl Fakherのピーチはキック感はそれほど強くないものの、温度を上げた際にイガりが出やすくなります。そのため、吸い出しでの熱量のバランスを取るのが難しく、作成難易度もやや高くなるでしょう。
イガりをきれいに取るには、しっかりと温度を上げて火入れをし、高い温度で一度安定させる必要があります。温度が安定した後は徐々に熱を落とし、イガりを削っていくイメージで作るとスムーズな煙になりやすいでしょう。
Al Fakherのピーチは全系統のフレーバーと、バランスよくミックスして楽しめます。
フルーツ系 / スイーツ系 / スパイス/フローラル系
マンゴー/ココナッツ オレンジ/バナナ/ グアバ/ライチ グレナデン/レモン パッションフルーツ / バニラ/ミルク ハニー/ミルクティー / カルダモン/ジャスミン アールグレイ/ローズ
南国系のフルーツをはじめとして、柑橘系や甘酸っぱさのあるフレーバーとも相性がよい です。ピーチはリキュールのカクテルベースとしても汎用性が高いため、ピーチ×オレンジのファジーネーブルのように、カクテルレシピを参考にしても面白いミックスが考えられるかもしれません。
スイーツ系もバランスよく使えますが、もともとの甘さが中程度であるため、キャラメルほど甘いものはあまり相性がよくありません。バニラやミルクといった、標準的な甘さのものを選ぶと、まとまりを作りやすいです。
スパイス系はカルダモンやアールグレイと相性がよく、特にアールグレイは分量次第ではピーチティーのような風味を再現できます。また、ピーチ×ジャスミンも定番のミックスであり、往年のシーシャファンならご存じの、ナハラピーチのような味わいを作ることも可能です。
Al Fakherのピーチは爽やかな甘さが印象的であり、メインにしても甘すぎず、バランスのとりやすいフレーバーです。しかし、吸い出しの難易度がやや高く、特有のイガりを取るにはじっくりと火を入れていく必要があります。","[{""heading_level"": 2, ""heading_text"": ""Al Fakherピーチの特徴""}, {""heading_level"": 2, ""heading_text"": ""Al Fakherピーチの重さは?""}, {""heading_level"": 2, ""heading_text"": ""Al Fakherピーチのおすすめミックス""}, {""heading_level"": 2, ""heading_text"": ""爽やかな甘さを活かしてピーチを使おう""}]","[{""paragraph_index"": 1, ""heading_level"": """", ""section_heading"": """", ""paragraph_text"": ""フレッシュな味わいのピーチは、爽やか系のフレーバーとして人気が高いです。中東の代表的なメーカーであるAl Fakherでも、もちろんピーチは発売されています。"", ""is_recommended_mix_section"": false}, {""paragraph_index"": 2, ""heading_level"": """", ""section_heading"": """", ""paragraph_text"": ""ピーチはメーカーごとの違いが特に大きいフレーバー なので、Al Fakherはどのような特徴があるのかを知っておきましょう。"", ""is_recommended_mix_section"": false}, {""paragraph_index"": 3, ""heading_level"": 2, ""section_heading"": ""Al Fakherピーチの特徴"", ""paragraph_text"": ""Al Fakherのピーチは、甘さを持ちつつも、比較的爽やかな味わいです。"", ""is_recommended_mix_section"": false}, {""paragraph_index"": 4, ""heading_level"": 2, ""section_heading"": ""Al Fakherピーチの特徴"", ""paragraph_text"": ""温度 / 味の変化"", ""is_recommended_mix_section"": false}, {""paragraph_index"": 5, ""heading_level"": 2, ""section_heading"": ""Al Fakherピーチの特徴"", ""paragraph_text"": ""中低温 / 少しの炭酸感/爽やかな甘さ/やや芳香剤の香り"", ""is_recommended_mix_section"": false}, {""paragraph_index"": 6, ""heading_level"": 2, ""section_heading"": ""Al Fakherピーチの特徴"", ""paragraph_text"": ""高温 / 微炭酸感に甘さ/軽やかな爽やかさ/果実感"", ""is_recommended_mix_section"": false}, {""paragraph_index"": 7, ""heading_level"": 2, ""section_heading"": ""Al Fakherピーチの特徴"", ""paragraph_text"": ""甘い系統が多いピーチのフレーバーですが、Al Fakherはそれほど甘みは強くありません。もちろん、ピーチらしい甘さはありますが、黄桃のようなどろりとした甘さではなく、 白桃に近い爽やかな甘み といえるでしょう。"", ""is_recommended_mix_section"": false}, {""paragraph_index"": 8, ""heading_level"": 2, ""section_heading"": ""Al Fakherピーチの特徴"", ""paragraph_text"": ""この爽やかさに起因して、中低温帯では少し炭酸っぽさを感じるかもしれません。また、香水っぽさや芳香剤っぽさを感じる人もいます。"", ""is_recommended_mix_section"": false}, {""paragraph_index"": 9, ""heading_level"": 2, ""section_heading"": ""Al Fakherピーチの特徴"", ""paragraph_text"": ""高い温度までいくと、若干の炭酸感/シュワシュワ感がありながらも、桃らしい甘さが出てきます。果実感も強くなる一方で、その爽やかさからりんごや梨の風味を感じる人もいるかもしれません。"", ""is_recommended_mix_section"": false}, {""paragraph_index"": 10, ""heading_level"": 2, ""section_heading"": ""Al Fakherピーチの特徴"", ""paragraph_text"": ""どろりとした黄桃の甘さを求める場合は、ピーチのフレーバーの中でも「ネクタリン」や「ネクター」とされる、加工品を表現したフレーバーを選ぶとよいでしょう。ケミカルさが少なく、果実味が強いものを求める場合は、Al Fakherをはじめとした、果実としてのピーチフレーバーがおすすめです。"", ""is_recommended_mix_section"": false}, {""paragraph_index"": 11, ""heading_level"": 2, ""section_heading"": ""Al Fakherピーチの重さは?"", ""paragraph_text"": ""Al Fakherは中東系のフレーバーであるため、基本的にはどのフレーバーも重く、しっかりとした吸いごたえがあります。"", ""is_recommended_mix_section"": false}, {""paragraph_index"": 12, ""heading_level"": 2, ""section_heading"": ""Al Fakherピーチの重さは?"", ""paragraph_text"": ""とても重い / ミント/ツーアップル"", ""is_recommended_mix_section"": false}, {""paragraph_index"": 13, ""heading_level"": 2, ""section_heading"": ""Al Fakherピーチの重さは?"", ""paragraph_text"": ""かなり重い / グレープフルーツ/グレナデン スイカ/メロン/レモン"", ""is_recommended_mix_section"": false}, {""paragraph_index"": 14, ""heading_level"": 2, ""section_heading"": ""Al Fakherピーチの重さは?"", ""paragraph_text"": ""やや重い / ブルーベリー/ストロベリー/キウイ オレンジ/ ピーチ マンゴー/グアバ/グレープ/ローズ"", ""is_recommended_mix_section"": false}, {""paragraph_index"": 15, ""heading_level"": 2, ""section_heading"": ""Al Fakherピーチの重さは?"", ""paragraph_text"": ""重い / ココナッツ/バニラ/カルダモン チョコレート/カプチーノ"", ""is_recommended_mix_section"": false}, {""paragraph_index"": 16, ""heading_level"": 2, ""section_heading"": ""Al Fakherピーチの重さは?"", ""paragraph_text"": ""ピーチはやや重いフレーバーであり、Al Fakherの中では標準的な重さです。Al Fakherをはじめとした、中東系のフレーバーは、その重さからキック感が強く出るものが多いです。"", ""is_recommended_mix_section"": false}, {""paragraph_index"": 17, ""heading_level"": 2, ""section_heading"": ""Al Fakherピーチの重さは?"", ""paragraph_text"": ""しかし、厄介なことにAl Fakherのピーチはキック感はそれほど強くないものの、温度を上げた際にイガりが出やすくなります。そのため、吸い出しでの熱量のバランスを取るのが難しく、作成難易度もやや高くなるでしょう。"", ""is_recommended_mix_section"": false}, {""paragraph_index"": 18, ""heading_level"": 2, ""section_heading"": ""Al Fakherピーチの重さは?"", ""paragraph_text"": ""イガりをきれいに取るには、しっかりと温度を上げて火入れをし、高い温度で一度安定させる必要があります。温度が安定した後は徐々に熱を落とし、イガりを削っていくイメージで作るとスムーズな煙になりやすいでしょう。"", ""is_recommended_mix_section"": false}, {""paragraph_index"": 19, ""heading_level"": 2, ""section_heading"": ""Al Fakherピーチのおすすめミックス"", ""paragraph_text"": ""Al Fakherのピーチは全系統のフレーバーと、バランスよくミックスして楽しめます。"", ""is_recommended_mix_section"": true}, {""paragraph_index"": 20, ""heading_level"": 2, ""section_heading"": ""Al Fakherピーチのおすすめミックス"", ""paragraph_text"": ""フルーツ系 / スイーツ系 / スパイス/フローラル系"", ""is_recommended_mix_section"": true}, {""paragraph_index"": 21, ""heading_level"": 2, ""section_heading"": ""Al Fakherピーチのおすすめミックス"", ""paragraph_text"": ""マンゴー/ココナッツ オレンジ/バナナ/ グアバ/ライチ グレナデン/レモン パッションフルーツ / バニラ/ミルク ハニー/ミルクティー / カルダモン/ジャスミン アールグレイ/ローズ"", ""is_recommended_mix_section"": true}, {""paragraph_index"": 22, ""heading_level"": 2, ""section_heading"": ""Al Fakherピーチのおすすめミックス"", ""paragraph_text"": ""南国系のフルーツをはじめとして、柑橘系や甘酸っぱさのあるフレーバーとも相性がよい です。ピーチはリキュールのカクテルベースとしても汎用性が高いため、ピーチ×オレンジのファジーネーブルのように、カクテルレシピを参考にしても面白いミックスが考えられるかもしれません。"", ""is_recommended_mix_section"": true}, {""paragraph_index"": 23, ""heading_level"": 2, ""section_heading"": ""Al Fakherピーチのおすすめミックス"", ""paragraph_text"": ""スイーツ系もバランスよく使えますが、もともとの甘さが中程度であるため、キャラメルほど甘いものはあまり相性がよくありません。バニラやミルクといった、標準的な甘さのものを選ぶと、まとまりを作りやすいです。"", ""is_recommended_mix_section"": true}, {""paragraph_index"": 24, ""heading_level"": 2, ""section_heading"": ""Al Fakherピーチのおすすめミックス"", ""paragraph_text"": ""スパイス系はカルダモンやアールグレイと相性がよく、特にアールグレイは分量次第ではピーチティーのような風味を再現できます。また、ピーチ×ジャスミンも定番のミックスであり、往年のシーシャファンならご存じの、ナハラピーチのような味わいを作ることも可能です。"", ""is_recommended_mix_section"": true}, {""paragraph_index"": 25, ""heading_level"": 2, ""section_heading"": ""爽やかな甘さを活かしてピーチを使おう"", ""paragraph_text"": ""Al Fakherのピーチは爽やかな甘さが印象的であり、メインにしても甘すぎず、バランスのとりやすいフレーバーです。しかし、吸い出しの難易度がやや高く、特有のイガりを取るにはじっくりと火を入れていく必要があります。"", ""is_recommended_mix_section"": false}]",True,Al Fakherピーチのおすすめミックス,"Al Fakherのピーチは全系統のフレーバーと、バランスよくミックスして楽しめます。
フルーツ系 / スイーツ系 / スパイス/フローラル系
マンゴー/ココナッツ オレンジ/バナナ/ グアバ/ライチ グレナデン/レモン パッションフルーツ / バニラ/ミルク ハニー/ミルクティー / カルダモン/ジャスミン アールグレイ/ローズ
南国系のフルーツをはじめとして、柑橘系や甘酸っぱさのあるフレーバーとも相性がよい です。ピーチはリキュールのカクテルベースとしても汎用性が高いため、ピーチ×オレンジのファジーネーブルのように、カクテルレシピを参考にしても面白いミックスが考えられるかもしれません。
スイーツ系もバランスよく使えますが、もともとの甘さが中程度であるため、キャラメルほど甘いものはあまり相性がよくありません。バニラやミルクといった、標準的な甘さのものを選ぶと、まとまりを作りやすいです。
スパイス系はカルダモンやアールグレイと相性がよく、特にアールグレイは分量次第ではピーチティーのような風味を再現できます。また、ピーチ×ジャスミンも定番のミックスであり、往年のシーシャファンならご存じの、ナハラピーチのような味わいを作ることも可能です。",2026-07-29T10:36:58+00:00,88e13cc58bf4c0b5ccb613fc6a8e2a4bfb9e6744fa94b6be2cf0b5d305dceccf
lagos_af-blueberry-review,shisha_lagos,editorial_review,フレーバーレビュー,https://shisha-lagos.com/af-blueberry-review/,https://shisha-lagos.com/af-blueberry-review/,af-blueberry-review,Al Fakherブルーベリーのフレーバーレビュー|特徴やおすすめミックスなど,Al Fakher,ブルーベリー,AL FAKHER(アルファーヘル)   シーシャフレーバー 50g,2025.01.10,2025.01.09,nkou1213,ベリー系のフレーバーでも特に人気の高いブルーベリーは、Al Fakherからも発売されています。今回はAl Fakherのブルーベリーはどのようなフレーバーなのか、特徴やおすすめミックスなどをご紹介します。Al Fakherブルーベリーの特徴Al Fakherのブルーベリーの特徴は、次の通り,"ベリー系のフレーバーでも特に人気の高いブルーベリーは、Al Fakherからも発売されています。今回はAl Fakherの ブルーベリーはどのようなフレーバーなのか、特徴やおすすめミックス などをご紹介します。
Al Fakherのブルーベリーの特徴は、次の通りです。
温度 / 味の変化
中低温 / 甘め/ガムっぽさ
高温 / 酸味/強いベリー感
基本的には、低めから中温帯で甘さが、高い温度になるとベリーの酸味の部分が強くなると考えてよいでしょう。ただし、 Al Fakherのブルーベリーはしっかり熱を入れなければ味が出てこない ため、低温ではほとんど味を感じづらいです。
そのため、基本的には中温帯以上で出すことになり、甘さが出てきたラインが中温帯、酸味に変化してきた時点からが高温帯ととらえてよいでしょう。
Al Fakherは中東系のフレーバーであるため、基本的にはどのフレーバーも重く、しっかりとした吸いごたえがあります。
とても重い / ミント/ツーアップル
かなり重い / グレープフルーツ/グレナデン スイカ/メロン/レモン
やや重い / ブルーベリー /ストロベリー/キウイ オレンジ/ピーチ マンゴー/グアバ/グレープ/ローズ
重い / ココナッツ/バニラ/カルダモン チョコレート/カプチーノ
ブルーベリーは、Al Fakherの中でもやや重いフレーバーです。前述したように、味を出すためにはある程度高い熱を入れなければなりません。そのため、 フレーバーの重さ、いわゆるキック感だけではなく、高い温度にさらした場合のイガリも感じやすい 傾向にあります。
Al Fakherのブルーベリーは、ベリー系のフレーバーだけではなく、さまざまなフレーバーとミックスして楽しめます。
フルーツ系 / スイーツ系 / スパイス/フローラル系
ストロベリー/ザクロ ライチ パッションフルーツ ラズベリー/グアバ レモン/ココナッツ グレープ / バニラ/ミルク キャラメル / シナモン/カルダモン ジャスミン/ローズ
基本的にはベリー系がシンプルで合わせやすいですが、そのほかにも ザクロやパッションフルーツなど、甘酸っぱいフレーバーとの相性もよい です。また、スイーツ系とも相性がよく、混ぜ方次第では「ブルーベリーアイスクリーム」のようなシーシャも作れます。
スパイスと合わせるのはやや不向きなフレーバーですが、クラシカルな味としてシナモンやカルダモンとはマッチするでしょう。ブルーベリーはスパイスよりもフローラル系のほうがまとまりやすいため、ミックスするならジャスミンやローズがおすすめです。
Al Fakherのブルーベリーは人気が高く、理由の1つとして汎用性の高さがあげられます。フルーツ系はもちろん、スイーツ系とも相性がよく、さっぱりでも甘くでも吸うことができます。温度帯やフレーバーの組み合わせ次第で変化するため、試しがいのあるフレーバーです。","[{""heading_level"": 2, ""heading_text"": ""Al Fakherブルーベリーの特徴""}, {""heading_level"": 2, ""heading_text"": ""Al Fakherブルーベリーの重さは?""}, {""heading_level"": 2, ""heading_text"": ""Al Fakherブルーベリーのおすすめミックス""}, {""heading_level"": 2, ""heading_text"": ""ブルーベリーは汎用性の高いフレーバー""}]","[{""paragraph_index"": 1, ""heading_level"": """", ""section_heading"": """", ""paragraph_text"": ""ベリー系のフレーバーでも特に人気の高いブルーベリーは、Al Fakherからも発売されています。今回はAl Fakherの ブルーベリーはどのようなフレーバーなのか、特徴やおすすめミックス などをご紹介します。"", ""is_recommended_mix_section"": false}, {""paragraph_index"": 2, ""heading_level"": 2, ""section_heading"": ""Al Fakherブルーベリーの特徴"", ""paragraph_text"": ""Al Fakherのブルーベリーの特徴は、次の通りです。"", ""is_recommended_mix_section"": false}, {""paragraph_index"": 3, ""heading_level"": 2, ""section_heading"": ""Al Fakherブルーベリーの特徴"", ""paragraph_text"": ""温度 / 味の変化"", ""is_recommended_mix_section"": false}, {""paragraph_index"": 4, ""heading_level"": 2, ""section_heading"": ""Al Fakherブルーベリーの特徴"", ""paragraph_text"": ""中低温 / 甘め/ガムっぽさ"", ""is_recommended_mix_section"": false}, {""paragraph_index"": 5, ""heading_level"": 2, ""section_heading"": ""Al Fakherブルーベリーの特徴"", ""paragraph_text"": ""高温 / 酸味/強いベリー感"", ""is_recommended_mix_section"": false}, {""paragraph_index"": 6, ""heading_level"": 2, ""section_heading"": ""Al Fakherブルーベリーの特徴"", ""paragraph_text"": ""基本的には、低めから中温帯で甘さが、高い温度になるとベリーの酸味の部分が強くなると考えてよいでしょう。ただし、 Al Fakherのブルーベリーはしっかり熱を入れなければ味が出てこない ため、低温ではほとんど味を感じづらいです。"", ""is_recommended_mix_section"": false}, {""paragraph_index"": 7, ""heading_level"": 2, ""section_heading"": ""Al Fakherブルーベリーの特徴"", ""paragraph_text"": ""そのため、基本的には中温帯以上で出すことになり、甘さが出てきたラインが中温帯、酸味に変化してきた時点からが高温帯ととらえてよいでしょう。"", ""is_recommended_mix_section"": false}, {""paragraph_index"": 8, ""heading_level"": 2, ""section_heading"": ""Al Fakherブルーベリーの重さは?"", ""paragraph_text"": ""Al Fakherは中東系のフレーバーであるため、基本的にはどのフレーバーも重く、しっかりとした吸いごたえがあります。"", ""is_recommended_mix_section"": false}, {""paragraph_index"": 9, ""heading_level"": 2, ""section_heading"": ""Al Fakherブルーベリーの重さは?"", ""paragraph_text"": ""とても重い / ミント/ツーアップル"", ""is_recommended_mix_section"": false}, {""paragraph_index"": 10, ""heading_level"": 2, ""section_heading"": ""Al Fakherブルーベリーの重さは?"", ""paragraph_text"": ""かなり重い / グレープフルーツ/グレナデン スイカ/メロン/レモン"", ""is_recommended_mix_section"": false}, {""paragraph_index"": 11, ""heading_level"": 2, ""section_heading"": ""Al Fakherブルーベリーの重さは?"", ""paragraph_text"": ""やや重い / ブルーベリー /ストロベリー/キウイ オレンジ/ピーチ マンゴー/グアバ/グレープ/ローズ"", ""is_recommended_mix_section"": false}, {""paragraph_index"": 12, ""heading_level"": 2, ""section_heading"": ""Al Fakherブルーベリーの重さは?"", ""paragraph_text"": ""重い / ココナッツ/バニラ/カルダモン チョコレート/カプチーノ"", ""is_recommended_mix_section"": false}, {""paragraph_index"": 13, ""heading_level"": 2, ""section_heading"": ""Al Fakherブルーベリーの重さは?"", ""paragraph_text"": ""ブルーベリーは、Al Fakherの中でもやや重いフレーバーです。前述したように、味を出すためにはある程度高い熱を入れなければなりません。そのため、 フレーバーの重さ、いわゆるキック感だけではなく、高い温度にさらした場合のイガリも感じやすい 傾向にあります。"", ""is_recommended_mix_section"": false}, {""paragraph_index"": 14, ""heading_level"": 2, ""section_heading"": ""Al Fakherブルーベリーのおすすめミックス"", ""paragraph_text"": ""Al Fakherのブルーベリーは、ベリー系のフレーバーだけではなく、さまざまなフレーバーとミックスして楽しめます。"", ""is_recommended_mix_section"": true}, {""paragraph_index"": 15, ""heading_level"": 2, ""section_heading"": ""Al Fakherブルーベリーのおすすめミックス"", ""paragraph_text"": ""フルーツ系 / スイーツ系 / スパイス/フローラル系"", ""is_recommended_mix_section"": true}, {""paragraph_index"": 16, ""heading_level"": 2, ""section_heading"": ""Al Fakherブルーベリーのおすすめミックス"", ""paragraph_text"": ""ストロベリー/ザクロ ライチ パッションフルーツ ラズベリー/グアバ レモン/ココナッツ グレープ / バニラ/ミルク キャラメル / シナモン/カルダモン ジャスミン/ローズ"", ""is_recommended_mix_section"": true}, {""paragraph_index"": 17, ""heading_level"": 2, ""section_heading"": ""Al Fakherブルーベリーのおすすめミックス"", ""paragraph_text"": ""基本的にはベリー系がシンプルで合わせやすいですが、そのほかにも ザクロやパッションフルーツなど、甘酸っぱいフレーバーとの相性もよい です。また、スイーツ系とも相性がよく、混ぜ方次第では「ブルーベリーアイスクリーム」のようなシーシャも作れます。"", ""is_recommended_mix_section"": true}, {""paragraph_index"": 18, ""heading_level"": 2, ""section_heading"": ""Al Fakherブルーベリーのおすすめミックス"", ""paragraph_text"": ""スパイスと合わせるのはやや不向きなフレーバーですが、クラシカルな味としてシナモンやカルダモンとはマッチするでしょう。ブルーベリーはスパイスよりもフローラル系のほうがまとまりやすいため、ミックスするならジャスミンやローズがおすすめです。"", ""is_recommended_mix_section"": true}, {""paragraph_index"": 19, ""heading_level"": 2, ""section_heading"": ""ブルーベリーは汎用性の高いフレーバー"", ""paragraph_text"": ""Al Fakherのブルーベリーは人気が高く、理由の1つとして汎用性の高さがあげられます。フルーツ系はもちろん、スイーツ系とも相性がよく、さっぱりでも甘くでも吸うことができます。温度帯やフレーバーの組み合わせ次第で変化するため、試しがいのあるフレーバーです。"", ""is_recommended_mix_section"": false}]",True,Al Fakherブルーベリーのおすすめミックス,"Al Fakherのブルーベリーは、ベリー系のフレーバーだけではなく、さまざまなフレーバーとミックスして楽しめます。
フルーツ系 / スイーツ系 / スパイス/フローラル系
ストロベリー/ザクロ ライチ パッションフルーツ ラズベリー/グアバ レモン/ココナッツ グレープ / バニラ/ミルク キャラメル / シナモン/カルダモン ジャスミン/ローズ
基本的にはベリー系がシンプルで合わせやすいですが、そのほかにも ザクロやパッションフルーツなど、甘酸っぱいフレーバーとの相性もよい です。また、スイーツ系とも相性がよく、混ぜ方次第では「ブルーベリーアイスクリーム」のようなシーシャも作れます。
スパイスと合わせるのはやや不向きなフレーバーですが、クラシカルな味としてシナモンやカルダモンとはマッチするでしょう。ブルーベリーはスパイスよりもフローラル系のほうがまとまりやすいため、ミックスするならジャスミンやローズがおすすめです。",2026-07-29T10:37:01+00:00,f49c6f91714a5c4872146a46de54731878db5a8f90dd27485a75238ab18f5253
lagos_af-strawberry-review,shisha_lagos,editorial_review,フレーバーレビュー,https://shisha-lagos.com/af-strawberry-review/,https://shisha-lagos.com/af-strawberry-review/,af-strawberry-review,Al Fakherストロベリーのフレーバーレビュー|特徴やおすすめミックスなど,Al Fakher,ストロベリー,AL FAKHER(アルファーヘル)   シーシャフレーバー 50g,2024.12.27,2024.12.28,nkou1213,シーシャのフレーバーはさまざまあり、同じ味でもメーカーごとに特徴は異なります。今回は中東系の代表的なフレーバーである、Al Fakherのストロベリーをご紹介します。Al Fakherストロベリーの特徴まずはAl Fakherストロベリーの、基本的な特徴を見ていきましょう。温,"シーシャのフレーバーはさまざまあり、同じ味でもメーカーごとに特徴は異なります。今回は中東系の代表的なフレーバーである、 Al Fakherのストロベリー をご紹介します。
まずはAl Fakherストロベリーの、基本的な特徴を見ていきましょう。
温度 / 味の変化
中低温 / 甘め/ややバニラ香/焼き菓子感
高温 / やや酸味/ベリーらしさ
ストロベリーは単純にいちごの味というよりは、ややバニラっぽさを伴います。バニラを少しミックスしたかのような焼き菓子の風味もあり、単品でもお菓子よりのテイストのシーシャが作れるでしょう。
また、高い温度まで引き上げると、ベリーらしさは強くなりますが、日本で食べられているいちごよりは、 やや酸味が強い傾向 にあります。これは日本と中東のフルーツの糖度の違いによるものです。
中東のフルーツは日本のものよりも糖度が低いものが多いため、ストロベリーで酸味が表現されているのは、そのためといえるでしょう。
Al Fakherは中東系のフレーバーであるため、基本的にはどのフレーバーも重く、しっかりとした吸いごたえがあります。
とても重い / ミント/ツーアップル
かなり重い / グレープフルーツ/グレナデン スイカ/メロン/レモン
やや重い / ブルーベリー/ ストロベリー /キウイ オレンジ/ピーチ マンゴー/グアバ/グレープ/ローズ
重い / ココナッツ/バニラ/カルダモン チョコレート/カプチーノ
ストロベリーはAl Fakherの中でもやや重く、慣れていない人だとヤニクラを起こす可能性が高いフレーバーといえるでしょう。しっかりとしたボディがあり、甘めのフルーツで重いシーシャを吸いたい人に適しています。
Al Fakherのストロベリーは、さまざまなフレーバーとミックスして楽しめます。
フルーツ系 / スイーツ系 / スパイス/フローラル系
ブルーベリー/ラズベリー ココナッツ/グレナデン ライチ(Afzal) / バニラ/ミルク チョコレート / シナモン/ローズ
フルーツ系で合わせるなら、 基本的にはベリー系でまとめるのがおすすめ です。しかし、組み合わせ方によっては、ココナッツやライチなどとも相性がよいでしょう。
スイーツ系は定番のバニラやミルクに加えて、チョコレートのフレーバーと混ぜても美味しく作れます。スパイス系は選択肢が狭く、バランスが取りやすいのはシナモンです。この場合も、ストロベリーとシナモンだけではなく、少しバニラを混ぜると、よりきれいなバランスのシーシャを作れるでしょう。
Al Fakherのストロベリーは比較的重いフレーバーであり、人によってはやや吸いにくいと感じるかもしれません。しかし、丁寧に火を入れることでまろやかになり、 きれいに出せば甘くもったりとした味のシーシャ を作れます。","[{""heading_level"": 2, ""heading_text"": ""Al Fakherストロベリーの特徴""}, {""heading_level"": 2, ""heading_text"": ""Al Fakherストロベリーの重さは?""}, {""heading_level"": 2, ""heading_text"": ""Al Fakherストロベリーのおすすめミックス""}, {""heading_level"": 2, ""heading_text"": ""ストロベリーはベリー系かバニラ系ミックスがおすすめ""}]","[{""paragraph_index"": 1, ""heading_level"": """", ""section_heading"": """", ""paragraph_text"": ""シーシャのフレーバーはさまざまあり、同じ味でもメーカーごとに特徴は異なります。今回は中東系の代表的なフレーバーである、 Al Fakherのストロベリー をご紹介します。"", ""is_recommended_mix_section"": false}, {""paragraph_index"": 2, ""heading_level"": 2, ""section_heading"": ""Al Fakherストロベリーの特徴"", ""paragraph_text"": ""まずはAl Fakherストロベリーの、基本的な特徴を見ていきましょう。"", ""is_recommended_mix_section"": false}, {""paragraph_index"": 3, ""heading_level"": 2, ""section_heading"": ""Al Fakherストロベリーの特徴"", ""paragraph_text"": ""温度 / 味の変化"", ""is_recommended_mix_section"": false}, {""paragraph_index"": 4, ""heading_level"": 2, ""section_heading"": ""Al Fakherストロベリーの特徴"", ""paragraph_text"": ""中低温 / 甘め/ややバニラ香/焼き菓子感"", ""is_recommended_mix_section"": false}, {""paragraph_index"": 5, ""heading_level"": 2, ""section_heading"": ""Al Fakherストロベリーの特徴"", ""paragraph_text"": ""高温 / やや酸味/ベリーらしさ"", ""is_recommended_mix_section"": false}, {""paragraph_index"": 6, ""heading_level"": 2, ""section_heading"": ""Al Fakherストロベリーの特徴"", ""paragraph_text"": ""ストロベリーは単純にいちごの味というよりは、ややバニラっぽさを伴います。バニラを少しミックスしたかのような焼き菓子の風味もあり、単品でもお菓子よりのテイストのシーシャが作れるでしょう。"", ""is_recommended_mix_section"": false}, {""paragraph_index"": 7, ""heading_level"": 2, ""section_heading"": ""Al Fakherストロベリーの特徴"", ""paragraph_text"": ""また、高い温度まで引き上げると、ベリーらしさは強くなりますが、日本で食べられているいちごよりは、 やや酸味が強い傾向 にあります。これは日本と中東のフルーツの糖度の違いによるものです。"", ""is_recommended_mix_section"": false}, {""paragraph_index"": 8, ""heading_level"": 2, ""section_heading"": ""Al Fakherストロベリーの特徴"", ""paragraph_text"": ""中東のフルーツは日本のものよりも糖度が低いものが多いため、ストロベリーで酸味が表現されているのは、そのためといえるでしょう。"", ""is_recommended_mix_section"": false}, {""paragraph_index"": 9, ""heading_level"": 2, ""section_heading"": ""Al Fakherストロベリーの重さは?"", ""paragraph_text"": ""Al Fakherは中東系のフレーバーであるため、基本的にはどのフレーバーも重く、しっかりとした吸いごたえがあります。"", ""is_recommended_mix_section"": false}, {""paragraph_index"": 10, ""heading_level"": 2, ""section_heading"": ""Al Fakherストロベリーの重さは?"", ""paragraph_text"": ""とても重い / ミント/ツーアップル"", ""is_recommended_mix_section"": false}, {""paragraph_index"": 11, ""heading_level"": 2, ""section_heading"": ""Al Fakherストロベリーの重さは?"", ""paragraph_text"": ""かなり重い / グレープフルーツ/グレナデン スイカ/メロン/レモン"", ""is_recommended_mix_section"": false}, {""paragraph_index"": 12, ""heading_level"": 2, ""section_heading"": ""Al Fakherストロベリーの重さは?"", ""paragraph_text"": ""やや重い / ブルーベリー/ ストロベリー /キウイ オレンジ/ピーチ マンゴー/グアバ/グレープ/ローズ"", ""is_recommended_mix_section"": false}, {""paragraph_index"": 13, ""heading_level"": 2, ""section_heading"": ""Al Fakherストロベリーの重さは?"", ""paragraph_text"": ""重い / ココナッツ/バニラ/カルダモン チョコレート/カプチーノ"", ""is_recommended_mix_section"": false}, {""paragraph_index"": 14, ""heading_level"": 2, ""section_heading"": ""Al Fakherストロベリーの重さは?"", ""paragraph_text"": ""ストロベリーはAl Fakherの中でもやや重く、慣れていない人だとヤニクラを起こす可能性が高いフレーバーといえるでしょう。しっかりとしたボディがあり、甘めのフルーツで重いシーシャを吸いたい人に適しています。"", ""is_recommended_mix_section"": false}, {""paragraph_index"": 15, ""heading_level"": 2, ""section_heading"": ""Al Fakherストロベリーのおすすめミックス"", ""paragraph_text"": ""Al Fakherのストロベリーは、さまざまなフレーバーとミックスして楽しめます。"", ""is_recommended_mix_section"": true}, {""paragraph_index"": 16, ""heading_level"": 2, ""section_heading"": ""Al Fakherストロベリーのおすすめミックス"", ""paragraph_text"": ""フルーツ系 / スイーツ系 / スパイス/フローラル系"", ""is_recommended_mix_section"": true}, {""paragraph_index"": 17, ""heading_level"": 2, ""section_heading"": ""Al Fakherストロベリーのおすすめミックス"", ""paragraph_text"": ""ブルーベリー/ラズベリー ココナッツ/グレナデン ライチ(Afzal) / バニラ/ミルク チョコレート / シナモン/ローズ"", ""is_recommended_mix_section"": true}, {""paragraph_index"": 18, ""heading_level"": 2, ""section_heading"": ""Al Fakherストロベリーのおすすめミックス"", ""paragraph_text"": ""フルーツ系で合わせるなら、 基本的にはベリー系でまとめるのがおすすめ です。しかし、組み合わせ方によっては、ココナッツやライチなどとも相性がよいでしょう。"", ""is_recommended_mix_section"": true}, {""paragraph_index"": 19, ""heading_level"": 2, ""section_heading"": ""Al Fakherストロベリーのおすすめミックス"", ""paragraph_text"": ""スイーツ系は定番のバニラやミルクに加えて、チョコレートのフレーバーと混ぜても美味しく作れます。スパイス系は選択肢が狭く、バランスが取りやすいのはシナモンです。この場合も、ストロベリーとシナモンだけではなく、少しバニラを混ぜると、よりきれいなバランスのシーシャを作れるでしょう。"", ""is_recommended_mix_section"": true}, {""paragraph_index"": 20, ""heading_level"": 2, ""section_heading"": ""ストロベリーはベリー系かバニラ系ミックスがおすすめ"", ""paragraph_text"": ""Al Fakherのストロベリーは比較的重いフレーバーであり、人によってはやや吸いにくいと感じるかもしれません。しかし、丁寧に火を入れることでまろやかになり、 きれいに出せば甘くもったりとした味のシーシャ を作れます。"", ""is_recommended_mix_section"": false}]",True,Al Fakherストロベリーのおすすめミックス,"Al Fakherのストロベリーは、さまざまなフレーバーとミックスして楽しめます。
フルーツ系 / スイーツ系 / スパイス/フローラル系
ブルーベリー/ラズベリー ココナッツ/グレナデン ライチ(Afzal) / バニラ/ミルク チョコレート / シナモン/ローズ
フルーツ系で合わせるなら、 基本的にはベリー系でまとめるのがおすすめ です。しかし、組み合わせ方によっては、ココナッツやライチなどとも相性がよいでしょう。
スイーツ系は定番のバニラやミルクに加えて、チョコレートのフレーバーと混ぜても美味しく作れます。スパイス系は選択肢が狭く、バランスが取りやすいのはシナモンです。この場合も、ストロベリーとシナモンだけではなく、少しバニラを混ぜると、よりきれいなバランスのシーシャを作れるでしょう。",2026-07-29T10:37:05+00:00,edd340176df2a20a1ffebe3a3f1f3612d253fed09dc769d88fda9dd46b923ef3
