document_id,review_title,review_url,product_name,flavor_a,flavor_b,pair_key,sentence,matched_categories,matched_terms,matched_negated_categories,matched_negated_terms,is_same_sentence_pair,has_explicit_mix_expression,explicit_mix_text,is_template_sentence,template_pattern,has_positive_expression,has_negative_expression,has_taste_role_explanation,role_detection_rule,role_action_term,role_effect_term,is_product_name_derived,is_parent_child_pair,parent_child_reason
R0044,MALAKI – Berry(ベリー),https://cloud-jp.net/malaki-berry/,MALAKI – Berry(ベリー),グレープ,ミント,グレープ||ミント,・ベリー×ブルーヘブン×ミント – ベリーの甘酸っぱさ、ブルーヘブンのすっきりとした酸味・甘み・清涼感、そしてミントの清涼感の調和を楽しむミックスです。,experience:balance|experience:coolness|taste:acidity,清涼感|調和|酸味,,,False,False,,False,,False,False,False,,,,True,False,
R0044,MALAKI – Berry(ベリー),https://cloud-jp.net/malaki-berry/,MALAKI – Berry(ベリー),グレープ,ミント,グレープ||ミント,・ベリー×グレープ×グレナデン – ベリーとグレナデンの酸味を生かしつつ、グレープの優しい甘さのバランスを楽しむミックスです。,experience:balance|experience:smoothness|taste:acidity,バランス|優しい|酸味,,,False,False,,False,,False,False,False,,,,True,False,
R0047,MALAKI – Grape Mint(グレープミント),https://cloud-jp.net/malaki-grapemint/,MALAKI – Grape Mint(グレープミント),グレープ,ミント,グレープ||ミント,MALAKI – Grape Mint(グレープミント)の特徴,,,,,True,False,,True,^[^。！？!?]*の特徴$,False,False,False,,,,True,False,
R0047,MALAKI – Grape Mint(グレープミント),https://cloud-jp.net/malaki-grapemint/,MALAKI – Grape Mint(グレープミント),グレープ,ミント,グレープ||ミント,MALAKI – Grape Mint(グレープミント)のおすすめミックス,evaluation:positive,おすすめ,,,True,True,グレープミント)のおすすめミックス,True,^[^。！？!?]*おすすめ(?:の)?ミックス(?:・組み合わせ)?$,True,False,False,,,,True,False,
R0047,MALAKI – Grape Mint(グレープミント),https://cloud-jp.net/malaki-grapemint/,MALAKI – Grape Mint(グレープミント),グレープ,ミント,グレープ||ミント,名前の通り、グレープとミントのミックスフレーバーです。,,,,,True,True,グレープとミントのミックス,False,,False,False,False,,,,True,False,
R0047,MALAKI – Grape Mint(グレープミント),https://cloud-jp.net/malaki-grapemint/,MALAKI – Grape Mint(グレープミント),グレープ,ミント,グレープ||ミント,全体として、グレープとミントのバランスが非常に良く、単体でも十分に楽しめます。,experience:balance,バランス,,,True,False,,False,,False,False,False,,,,True,False,
R0047,MALAKI – Grape Mint(グレープミント),https://cloud-jp.net/malaki-grapemint/,MALAKI – Grape Mint(グレープミント),グレープ,ミント,グレープ||ミント,MALAKI – Grape Mint(グレープミント)はCLOUD SHOPにてご購入いただけます！,,,,,True,False,,True,CLOUD SHOPにてご購入いただけます,False,False,False,,,,True,False,
R0070,DOZAJ – Grape(グレープ)レビュー,https://cloud-jp.net/dozaj-grape/,DOZAJ – Grape(グレープ)レビュー,グレープ,ミント,グレープ||ミント,・グレープ×ライム×ミント – スッキリとグレープを楽しみたい方に向けたミックス。,,,,,True,True,ミント – スッキリとグレープを楽しみたい方に向けたミックス,False,,False,False,False,,,,True,False,
R0130,DOZAJ – Fury Winter(フューリーウィンター)レビュー,https://cloud-jp.net/dozaj-furywinter/,DOZAJ – Fury Winter(フューリーウィンター)レビュー,グレープ,ミント,グレープ||ミント,Fury Winterはミント、アイス系のフレーバーなので基本的には何でも合います。,,,,,False,False,,False,,False,False,False,,,,True,False,
R0130,DOZAJ – Fury Winter(フューリーウィンター)レビュー,https://cloud-jp.net/dozaj-furywinter/,DOZAJ – Fury Winter(フューリーウィンター)レビュー,グレープ,ミント,グレープ||ミント,純粋なミントではなく、若干のハーブっぽさが味付けされているためコーラ系フレーバーとの相性がいいと感じました。,experience:balance,相性,,,False,False,,False,,False,False,False,,,,True,False,
R0130,DOZAJ – Fury Winter(フューリーウィンター)レビュー,https://cloud-jp.net/dozaj-furywinter/,DOZAJ – Fury Winter(フューリーウィンター)レビュー,グレープ,ミント,グレープ||ミント,あとはAFのGrapeやGrenadin、Freshといった若干重ためのベリー系、カシス系フレーバーとミックスすることで、爽快感アップさせて吸うのが個人的に好きです。,evaluation:positive,好き,,,False,False,,False,,True,False,False,,,,True,False,
R0171,旬-SHUN- MINT,https://cloud-jp.net/shun-mint/,旬-SHUN- MINT,グレープ,ミント,グレープ||ミント,・【Al Fakher】GRAPE(60%)　＋　【旬-SHUN-】MINT(30%),,,,,True,False,,False,,False,False,False,,,,True,False,
R0173,旬-SHUN- WHITEGRAPE,https://cloud-jp.net/shun-white-grape/,旬-SHUN- WHITEGRAPE,グレープ,ミント,グレープ||ミント,・【Social Smoke】 GRAPE CHILL (40%)＋【旬-SHUN-】WHITE GRAPE(30%) +【旬-SHUN-】MINT(30%),,,,,True,False,,False,,False,False,False,,,,True,False,
R0209,Social Smoke Grape Chill(グレープチル)レビュー,https://cloud-jp.net/socialsmoke-grapechill-review/,Social Smoke Grape Chill(グレープチル)レビュー,グレープ,ミント,グレープ||ミント,Social Smoke(ソーシャルスモーク) Grape Chill(グレープチル)のレビューです。,,,,,False,False,,True,^[^。！？!?]*のレビューです。?$,False,False,False,,,,True,False,
R0209,Social Smoke Grape Chill(グレープチル)レビュー,https://cloud-jp.net/socialsmoke-grapechill-review/,Social Smoke Grape Chill(グレープチル)レビュー,グレープ,ミント,グレープ||ミント,Social Smoke Grape Chill(グレープチル)の特徴,,,,,False,False,,True,^[^。！？!?]*の特徴$,False,False,False,,,,True,False,
R0209,Social Smoke Grape Chill(グレープチル)レビュー,https://cloud-jp.net/socialsmoke-grapechill-review/,Social Smoke Grape Chill(グレープチル)レビュー,グレープ,ミント,グレープ||ミント,Social Smoke Grape Chill(グレープチル)を使ったMIX,,,,,False,False,,False,,False,False,False,,,,True,False,
R0209,Social Smoke Grape Chill(グレープチル)レビュー,https://cloud-jp.net/socialsmoke-grapechill-review/,Social Smoke Grape Chill(グレープチル)レビュー,グレープ,ミント,グレープ||ミント,香りは、AFのグレープのような甘味と渋みがあるクラシックな味ではなく、グレープ味のハイチュウやファンタグレープのような、はっきりとしたグレープのお菓子のような甘みを感じられます。,experience:aroma,香り,,,False,False,,False,,False,False,False,,,,True,False,
R0209,Social Smoke Grape Chill(グレープチル)レビュー,https://cloud-jp.net/socialsmoke-grapechill-review/,Social Smoke Grape Chill(グレープチル)レビュー,グレープ,ミント,グレープ||ミント,ミントの清涼感も加わってまさにファンタグレープのような味に仕上がっています。,experience:coolness,清涼感,,,False,False,,False,,False,False,False,,,,True,False,
R0209,Social Smoke Grape Chill(グレープチル)レビュー,https://cloud-jp.net/socialsmoke-grapechill-review/,Social Smoke Grape Chill(グレープチル)レビュー,グレープ,ミント,グレープ||ミント,Grape Chill(グレープチル)は単体で甘さとさっぱりさを兼ね備えているので、さっぱり系や甘さを活かしたMIXがおすすめです。,evaluation:positive|experience:coolness,おすすめ|さっぱり,,,False,False,,False,,True,False,False,,,,True,False,
R0127,DOZAJ – Grapefruit(グレープフルーツ)レビュー,https://cloud-jp.net/dozaj-grapefruit/,DOZAJ – Grapefruit(グレープフルーツ)レビュー,グレープフルーツ,レモン,グレープフルーツ||レモン,Grapefruitとしての完成度はかなり高いので、単品でもオススメできますがミックスをするなら、グアバやレモンがはずれないですね。,,,,,True,False,,False,,False,False,False,,,,False,False,
R0127,DOZAJ – Grapefruit(グレープフルーツ)レビュー,https://cloud-jp.net/dozaj-grapefruit/,DOZAJ – Grapefruit(グレープフルーツ)レビュー,グレープフルーツ,レモン,グレープフルーツ||レモン,またDozajのPink Lemonadeが単体だと若干味が薄めなのですが、Grapefruitを加えるとレモネードとしての味わいがワンランク引き上げられて美味しいです。,evaluation:positive,美味しい,,,True,False,,False,,True,False,True,action,加える,,False,False,
R0186,Shiazo Woodruff(ウッドラフ)レビュー,https://cloud-jp.net/shiazo-woodruff/,Shiazo Woodruff(ウッドラフ)レビュー,グレープフルーツ,レモン,グレープフルーツ||レモン,Shiazo Woodruffを使ったおすすめのミックスは、このフレーバーのさっぱり、爽やかとしたフローラルな香りを活かすことができる、ライムやレモン、グレープフルーツなどの柑橘系フレーバーがおすすめです。,evaluation:positive|experience:aroma|experience:coolness,おすすめ|さっぱり|爽やか|香り,,,True,False,,True,おすすめのミックス,True,False,False,,,,False,False,
R0195,Al Fakher Grenadine(グレナデン)レビュー,https://cloud-jp.net/alfakher-grenadine-review/,Al Fakher Grenadine(グレナデン)レビュー,グレープフルーツ,レモン,グレープフルーツ||レモン,グアバやレモン、グレープフルーツ、オレンジ、ベリー系などとミックスすれば間違いなしです。,,,,,True,False,,False,,False,False,False,,,,False,False,
R0201,Social Smoke TangerineRush(タンジェリンラッシュ)レビュー,https://cloud-jp.net/socialsmoke-tangerinerush-review/,Social Smoke TangerineRush(タンジェリンラッシュ)レビュー,グレープフルーツ,レモン,グレープフルーツ||レモン,Social Smoke のタンジェリンラッシュは、レモンやグレープフルーツなどの柑橘系はもちろんミントやマウンテンフォグなどもおすすめです。,evaluation:positive,おすすめ,,,True,False,,False,,True,False,False,,,,False,False,
R0215,TRIFECTA Twice the Ice Xレビュー,https://cloud-jp.net/trifecta-twicetheicex-review/,TRIFECTA Twice the Ice Xレビュー,グレープフルーツ,レモン,グレープフルーツ||レモン,TRIFECTA Twice the Ice Xを使ったMIXにはレモンやグレープフルーツ、オレンジなどの柑橘系はバッチリです。,,,,,True,False,,False,,False,False,False,,,,False,False,
R0217,TRIFECTA MountainFog(マウンテンフォグ)レビュー,https://cloud-jp.net/trifecta-mountainfog-review/,TRIFECTA MountainFog(マウンテンフォグ)レビュー,グレープフルーツ,レモン,グレープフルーツ||レモン,それ以外にも、レモンやグレープフルーツ、ペアチルなどの柑橘系でさっぱりと仕上げたり、カルダモンやミント系もよくあいます。,experience:coolness,さっぱり,,,True,False,,False,,False,False,False,,,,False,False,
R0051,MALAKI – Cool Breeze(クールブリーズ),https://cloud-jp.net/malaki-coolbreeze/,MALAKI – Cool Breeze(クールブリーズ),ミント,レモン,ミント||レモン,・クールブリーズ×ミント×レモン – レモンの酸味とミントの清涼感、そしてクールブリーズの特徴ある後味が調和されたミックスです。,experience:balance|experience:coolness|taste:acidity,クール|清涼感|調和|酸味,,,True,True,ミント×レモン,False,,False,False,False,,,,False,False,
R0061,MALAKI – Mojito(モヒート),https://cloud-jp.net/malaki-mojito/,MALAKI – Mojito(モヒート),ミント,レモン,ミント||レモン,ミントの部分に関しては、ミントはマラキのミントミックスフレーバー同様、清涼感も感じられつつミントの香りもしっかりと立っている印象を受けます。,experience:aroma|experience:coolness,清涼感|香り,,,False,False,,False,,False,False,False,,,,False,False,
R0061,MALAKI – Mojito(モヒート),https://cloud-jp.net/malaki-mojito/,MALAKI – Mojito(モヒート),ミント,レモン,ミント||レモン,・モヒート×マウンテンフォグ×レモン – 同系統のミックスで、ライムやレモンとの相性が非常に良いです。,evaluation:positive|experience:balance,相性|良い,,,False,False,,False,,True,False,False,,,,False,False,
R0064,MALAKI – Mint(ミント),https://cloud-jp.net/malaki-mint/,MALAKI – Mint(ミント),ミント,レモン,ミント||レモン,・ミント×レモン×ライチ – ミントの幅の広さを考え、あえて王道に近いミックスを選びました。,,,,,True,True,ミント×レモン,False,,False,False,False,,,,False,False,
R0170,旬-SHUN- LEMON,https://cloud-jp.net/shun-lemon/,旬-SHUN- LEMON,ミント,レモン,ミント||レモン,・【旬-SHUN-】 LEMON(30%)　＋　【旬-SHUN-】MINT(30%) ＋　【AZURE】LIME(40%),,,,,True,False,,False,,False,False,False,,,,False,False,
R0209,Social Smoke Grape Chill(グレープチル)レビュー,https://cloud-jp.net/socialsmoke-grapechill-review/,Social Smoke Grape Chill(グレープチル)レビュー,ミント,レモン,ミント||レモン,ミントの清涼感も加わってまさにファンタグレープのような味に仕上がっています。,experience:coolness,清涼感,,,False,False,,False,,False,False,False,,,,False,False,
R0209,Social Smoke Grape Chill(グレープチル)レビュー,https://cloud-jp.net/socialsmoke-grapechill-review/,Social Smoke Grape Chill(グレープチル)レビュー,ミント,レモン,ミント||レモン,ベリー系やマウンテンフォグ、ホワイトグミベア、レモン、ライムなどがおすすめです。,evaluation:positive,おすすめ,,,False,False,,False,,True,False,False,,,,False,False,
R0215,TRIFECTA Twice the Ice Xレビュー,https://cloud-jp.net/trifecta-twicetheicex-review/,TRIFECTA Twice the Ice Xレビュー,ミント,レモン,ミント||レモン,TRトゥワイスジアイスエックスはミントのフレーバーです。,,,,,False,False,,False,,False,False,False,,,,False,False,
R0215,TRIFECTA Twice the Ice Xレビュー,https://cloud-jp.net/trifecta-twicetheicex-review/,TRIFECTA Twice the Ice Xレビュー,ミント,レモン,ミント||レモン,しかし、ただのミントだと勘違いしてはいけません。,,,,,False,False,,False,,False,False,False,,,,False,False,
R0215,TRIFECTA Twice the Ice Xレビュー,https://cloud-jp.net/trifecta-twicetheicex-review/,TRIFECTA Twice the Ice Xレビュー,ミント,レモン,ミント||レモン,ミントは吸った後も喉の清涼感が持続するほどインパクトが強く、その中にほんのりと甘みがあるような気がします。,experience:coolness,清涼感,,,False,False,,False,,False,False,False,,,,False,False,
R0215,TRIFECTA Twice the Ice Xレビュー,https://cloud-jp.net/trifecta-twicetheicex-review/,TRIFECTA Twice the Ice Xレビュー,ミント,レモン,ミント||レモン,TRIFECTA Twice the Ice Xを使ったMIXにはレモンやグレープフルーツ、オレンジなどの柑橘系はバッチリです。,,,,,False,False,,False,,False,False,False,,,,False,False,
R0035,MALAKI – Wild(ワイルド),https://cloud-jp.net/malaki-wild/,MALAKI – Wild(ワイルド),アールグレイ,コニャック,アールグレイ||コニャック,・ワイルド×バニラ×コニャック – 甘さとスモーキーな香りを重ねて上品な香りを楽しむミックス。,experience:aroma,香り,,,False,False,,False,,False,False,False,,,,False,False,
R0035,MALAKI – Wild(ワイルド),https://cloud-jp.net/malaki-wild/,MALAKI – Wild(ワイルド),アールグレイ,コニャック,アールグレイ||コニャック,・ワイルド×ナワール×アールグレイ – お花と紅茶の香りを足して、ワイルドがいつものいい香りの後味をまとめてくれます。,experience:aroma,香り,,,False,False,,False,,False,False,False,,,,False,False,
R0037,MALAKI – Velvet(ベルベット),https://cloud-jp.net/malaki-velvet/,MALAKI – Velvet(ベルベット),アールグレイ,コニャック,アールグレイ||コニャック,・ワイルド×バニラ×コニャック – 甘さとスモーキーな香りを重ねて上品な香りを楽しむミックス。,experience:aroma,香り,,,False,False,,False,,False,False,False,,,,False,False,
R0037,MALAKI – Velvet(ベルベット),https://cloud-jp.net/malaki-velvet/,MALAKI – Velvet(ベルベット),アールグレイ,コニャック,アールグレイ||コニャック,・ワイルド×ナワール×アールグレイ – お花と紅茶の香りを足して、ワイルドがいつものいい香りの後味をまとめてくれます。,experience:aroma,香り,,,False,False,,False,,False,False,False,,,,False,False,
R0038,MALAKI – Specra(スペクトラ),https://cloud-jp.net/malaki-specra/,MALAKI – Specra(スペクトラ),アールグレイ,コニャック,アールグレイ||コニャック,・ワイルド×バニラ×コニャック – 甘さとスモーキーな香りを重ねて上品な香りを楽しむミックス。,experience:aroma,香り,,,False,False,,False,,False,False,False,,,,False,False,
R0038,MALAKI – Specra(スペクトラ),https://cloud-jp.net/malaki-specra/,MALAKI – Specra(スペクトラ),アールグレイ,コニャック,アールグレイ||コニャック,・ワイルド×ナワール×アールグレイ – お花と紅茶の香りを足して、ワイルドがいつものいい香りの後味をまとめてくれます。,experience:aroma,香り,,,False,False,,False,,False,False,False,,,,False,False,
R0039,MALAKI – Sour Asia(サワーアジア),https://cloud-jp.net/malaki-sourasia/,MALAKI – Sour Asia(サワーアジア),アールグレイ,コニャック,アールグレイ||コニャック,・ワイルド×バニラ×コニャック – 甘さとスモーキーな香りを重ねて上品な香りを楽しむミックス。,experience:aroma,香り,,,False,False,,False,,False,False,False,,,,False,False,
R0039,MALAKI – Sour Asia(サワーアジア),https://cloud-jp.net/malaki-sourasia/,MALAKI – Sour Asia(サワーアジア),アールグレイ,コニャック,アールグレイ||コニャック,・ワイルド×ナワール×アールグレイ – お花と紅茶の香りを足して、ワイルドがいつものいい香りの後味をまとめてくれます。,experience:aroma,香り,,,False,False,,False,,False,False,False,,,,False,False,
R0040,MALAKI – Lemon(レモン),https://cloud-jp.net/malaki-lemon/,MALAKI – Lemon(レモン),アールグレイ,コニャック,アールグレイ||コニャック,・ワイルド×バニラ×コニャック – 甘さとスモーキーな香りを重ねて上品な香りを楽しむミックス。,experience:aroma,香り,,,False,False,,False,,False,False,False,,,,False,False,
R0040,MALAKI – Lemon(レモン),https://cloud-jp.net/malaki-lemon/,MALAKI – Lemon(レモン),アールグレイ,コニャック,アールグレイ||コニャック,・ワイルド×ナワール×アールグレイ – お花と紅茶の香りを足して、ワイルドがいつものいい香りの後味をまとめてくれます。,experience:aroma,香り,,,False,False,,False,,False,False,False,,,,False,False,
R0035,MALAKI – Wild(ワイルド),https://cloud-jp.net/malaki-wild/,MALAKI – Wild(ワイルド),コニャック,バニラ,コニャック||バニラ,・ワイルド×バニラ×コニャック – 甘さとスモーキーな香りを重ねて上品な香りを楽しむミックス。,experience:aroma,香り,,,True,True,バニラ×コニャック,False,,False,False,False,,,,False,False,
R0037,MALAKI – Velvet(ベルベット),https://cloud-jp.net/malaki-velvet/,MALAKI – Velvet(ベルベット),コニャック,バニラ,コニャック||バニラ,・ワイルド×バニラ×コニャック – 甘さとスモーキーな香りを重ねて上品な香りを楽しむミックス。,experience:aroma,香り,,,True,True,バニラ×コニャック,False,,False,False,False,,,,False,False,
R0038,MALAKI – Specra(スペクトラ),https://cloud-jp.net/malaki-specra/,MALAKI – Specra(スペクトラ),コニャック,バニラ,コニャック||バニラ,・ワイルド×バニラ×コニャック – 甘さとスモーキーな香りを重ねて上品な香りを楽しむミックス。,experience:aroma,香り,,,True,True,バニラ×コニャック,False,,False,False,False,,,,False,False,
R0039,MALAKI – Sour Asia(サワーアジア),https://cloud-jp.net/malaki-sourasia/,MALAKI – Sour Asia(サワーアジア),コニャック,バニラ,コニャック||バニラ,・ワイルド×バニラ×コニャック – 甘さとスモーキーな香りを重ねて上品な香りを楽しむミックス。,experience:aroma,香り,,,True,True,バニラ×コニャック,False,,False,False,False,,,,False,False,
R0040,MALAKI – Lemon(レモン),https://cloud-jp.net/malaki-lemon/,MALAKI – Lemon(レモン),コニャック,バニラ,コニャック||バニラ,・ワイルド×バニラ×コニャック – 甘さとスモーキーな香りを重ねて上品な香りを楽しむミックス。,experience:aroma,香り,,,True,True,バニラ×コニャック,False,,False,False,False,,,,False,False,
R0035,MALAKI – Wild(ワイルド),https://cloud-jp.net/malaki-wild/,MALAKI – Wild(ワイルド),アールグレイ,バニラ,アールグレイ||バニラ,・ワイルド×バニラ×コニャック – 甘さとスモーキーな香りを重ねて上品な香りを楽しむミックス。,experience:aroma,香り,,,False,False,,False,,False,False,False,,,,False,False,
R0035,MALAKI – Wild(ワイルド),https://cloud-jp.net/malaki-wild/,MALAKI – Wild(ワイルド),アールグレイ,バニラ,アールグレイ||バニラ,・ワイルド×ナワール×アールグレイ – お花と紅茶の香りを足して、ワイルドがいつものいい香りの後味をまとめてくれます。,experience:aroma,香り,,,False,False,,False,,False,False,False,,,,False,False,
R0037,MALAKI – Velvet(ベルベット),https://cloud-jp.net/malaki-velvet/,MALAKI – Velvet(ベルベット),アールグレイ,バニラ,アールグレイ||バニラ,・ワイルド×バニラ×コニャック – 甘さとスモーキーな香りを重ねて上品な香りを楽しむミックス。,experience:aroma,香り,,,False,False,,False,,False,False,False,,,,False,False,
R0037,MALAKI – Velvet(ベルベット),https://cloud-jp.net/malaki-velvet/,MALAKI – Velvet(ベルベット),アールグレイ,バニラ,アールグレイ||バニラ,・ワイルド×ナワール×アールグレイ – お花と紅茶の香りを足して、ワイルドがいつものいい香りの後味をまとめてくれます。,experience:aroma,香り,,,False,False,,False,,False,False,False,,,,False,False,
R0038,MALAKI – Specra(スペクトラ),https://cloud-jp.net/malaki-specra/,MALAKI – Specra(スペクトラ),アールグレイ,バニラ,アールグレイ||バニラ,・ワイルド×バニラ×コニャック – 甘さとスモーキーな香りを重ねて上品な香りを楽しむミックス。,experience:aroma,香り,,,False,False,,False,,False,False,False,,,,False,False,
R0038,MALAKI – Specra(スペクトラ),https://cloud-jp.net/malaki-specra/,MALAKI – Specra(スペクトラ),アールグレイ,バニラ,アールグレイ||バニラ,・ワイルド×ナワール×アールグレイ – お花と紅茶の香りを足して、ワイルドがいつものいい香りの後味をまとめてくれます。,experience:aroma,香り,,,False,False,,False,,False,False,False,,,,False,False,
R0039,MALAKI – Sour Asia(サワーアジア),https://cloud-jp.net/malaki-sourasia/,MALAKI – Sour Asia(サワーアジア),アールグレイ,バニラ,アールグレイ||バニラ,・ワイルド×バニラ×コニャック – 甘さとスモーキーな香りを重ねて上品な香りを楽しむミックス。,experience:aroma,香り,,,False,False,,False,,False,False,False,,,,False,False,
R0039,MALAKI – Sour Asia(サワーアジア),https://cloud-jp.net/malaki-sourasia/,MALAKI – Sour Asia(サワーアジア),アールグレイ,バニラ,アールグレイ||バニラ,・ワイルド×ナワール×アールグレイ – お花と紅茶の香りを足して、ワイルドがいつものいい香りの後味をまとめてくれます。,experience:aroma,香り,,,False,False,,False,,False,False,False,,,,False,False,
R0040,MALAKI – Lemon(レモン),https://cloud-jp.net/malaki-lemon/,MALAKI – Lemon(レモン),アールグレイ,バニラ,アールグレイ||バニラ,・ワイルド×バニラ×コニャック – 甘さとスモーキーな香りを重ねて上品な香りを楽しむミックス。,experience:aroma,香り,,,False,False,,False,,False,False,False,,,,False,False,
R0040,MALAKI – Lemon(レモン),https://cloud-jp.net/malaki-lemon/,MALAKI – Lemon(レモン),アールグレイ,バニラ,アールグレイ||バニラ,・ワイルド×ナワール×アールグレイ – お花と紅茶の香りを足して、ワイルドがいつものいい香りの後味をまとめてくれます。,experience:aroma,香り,,,False,False,,False,,False,False,False,,,,False,False,
R0056,MALAKI – Bitter Sweet(ビタースイート),https://cloud-jp.net/malaki-bittersweet/,MALAKI – Bitter Sweet(ビタースイート),オレンジ,グレープフルーツ,オレンジ||グレープフルーツ,・ビタースイート×オレンジ×グレープフルーツ – ピールの風味が特徴的な柑橘系とのミックス。,taste:bitterness|taste:sweetness,スイート|ビター,,,True,True,オレンジ×グレープフルーツ,False,,False,False,False,,,,False,False,
R0097,Tabu – Pomelo(ポメロ)レビュー,https://cloud-jp.net/tabu-pomelo/,Tabu – Pomelo(ポメロ)レビュー,オレンジ,グレープフルーツ,オレンジ||グレープフルーツ,筆者である私と同様、ポメロをそもそも知らない方が多いと思うので他のフルーツに例えると、吸っている時は舌でオレンジのような甘味を感じ、吐くときにグレープフルーツのような酸味・ビターさを感じます。,taste:acidity|taste:bitterness,ビター|酸味,,,True,False,,False,,False,False,False,,,,False,False,
R0195,Al Fakher Grenadine(グレナデン)レビュー,https://cloud-jp.net/alfakher-grenadine-review/,Al Fakher Grenadine(グレナデン)レビュー,オレンジ,グレープフルーツ,オレンジ||グレープフルーツ,グアバやレモン、グレープフルーツ、オレンジ、ベリー系などとミックスすれば間違いなしです。,,,,,True,True,グレープフルーツ、オレンジ、ベリー系などとミックス,False,,False,False,False,,,,False,False,
R0201,Social Smoke TangerineRush(タンジェリンラッシュ)レビュー,https://cloud-jp.net/socialsmoke-tangerinerush-review/,Social Smoke TangerineRush(タンジェリンラッシュ)レビュー,オレンジ,グレープフルーツ,オレンジ||グレープフルーツ,SSのオレンジよりも、柑橘系の甘さがより前に出ていると感じられます。,,,,,False,False,,False,,False,False,False,,,,False,False,
R0201,Social Smoke TangerineRush(タンジェリンラッシュ)レビュー,https://cloud-jp.net/socialsmoke-tangerinerush-review/,Social Smoke TangerineRush(タンジェリンラッシュ)レビュー,オレンジ,グレープフルーツ,オレンジ||グレープフルーツ,Social Smoke のタンジェリンラッシュは、レモンやグレープフルーツなどの柑橘系はもちろんミントやマウンテンフォグなどもおすすめです。,evaluation:positive,おすすめ,,,False,False,,False,,True,False,False,,,,False,False,
R0215,TRIFECTA Twice the Ice Xレビュー,https://cloud-jp.net/trifecta-twicetheicex-review/,TRIFECTA Twice the Ice Xレビュー,オレンジ,グレープフルーツ,オレンジ||グレープフルーツ,TRIFECTA Twice the Ice Xを使ったMIXにはレモンやグレープフルーツ、オレンジなどの柑橘系はバッチリです。,,,,,True,False,,False,,False,False,False,,,,False,False,
R0061,MALAKI – Mojito(モヒート),https://cloud-jp.net/malaki-mojito/,MALAKI – Mojito(モヒート),ライム,レモン,ライム||レモン,・モヒート×マウンテンフォグ×レモン – 同系統のミックスで、ライムやレモンとの相性が非常に良いです。,evaluation:positive|experience:balance,相性|良い,,,True,False,,False,,True,False,False,,,,False,False,
R0170,旬-SHUN- LEMON,https://cloud-jp.net/shun-lemon/,旬-SHUN- LEMON,ライム,レモン,ライム||レモン,・【旬-SHUN-】 LEMON(30%)　＋　【旬-SHUN-】MINT(30%) ＋　【AZURE】LIME(40%),,,,,True,False,,False,,False,False,False,,,,False,False,
R0170,旬-SHUN- LEMON,https://cloud-jp.net/shun-lemon/,旬-SHUN- LEMON,ライム,レモン,ライム||レモン,・【旬-SHUN-】 LEMON(20%)　＋　【AZURE】MEXICOLA (50%) ＋　【AZURE】LIME(30%),,,,,True,False,,False,,False,False,False,,,,False,False,
R0186,Shiazo Woodruff(ウッドラフ)レビュー,https://cloud-jp.net/shiazo-woodruff/,Shiazo Woodruff(ウッドラフ)レビュー,ライム,レモン,ライム||レモン,Shiazo Woodruffを使ったおすすめのミックスは、このフレーバーのさっぱり、爽やかとしたフローラルな香りを活かすことができる、ライムやレモン、グレープフルーツなどの柑橘系フレーバーがおすすめです。,evaluation:positive|experience:aroma|experience:coolness,おすすめ|さっぱり|爽やか|香り,,,True,False,,True,おすすめのミックス,True,False,False,,,,False,False,
R0209,Social Smoke Grape Chill(グレープチル)レビュー,https://cloud-jp.net/socialsmoke-grapechill-review/,Social Smoke Grape Chill(グレープチル)レビュー,ライム,レモン,ライム||レモン,ベリー系やマウンテンフォグ、ホワイトグミベア、レモン、ライムなどがおすすめです。,evaluation:positive,おすすめ,,,True,False,,False,,True,False,False,,,,False,False,
R0217,TRIFECTA MountainFog(マウンテンフォグ)レビュー,https://cloud-jp.net/trifecta-mountainfog-review/,TRIFECTA MountainFog(マウンテンフォグ)レビュー,ライム,レモン,ライム||レモン,ライムはしっとりした甘さの中に少しビター（ケミカルな感じ）を感じ、それらをレモンがうまく引き立てています。,taste:bitterness,ビター,,,True,False,,False,,False,False,False,,,,False,False,
R0056,MALAKI – Bitter Sweet(ビタースイート),https://cloud-jp.net/malaki-bittersweet/,MALAKI – Bitter Sweet(ビタースイート),グアバ,グレープフルーツ,グアバ||グレープフルーツ,オレンジピールやグレープフルーツの苦味や渋味が強く感じられ、その奥に柑橘系の爽やかな香りが存在します。,experience:aroma|experience:coolness|taste:bitterness,爽やか|苦味|香り,,,False,False,,False,,False,False,False,,,,False,False,
R0056,MALAKI – Bitter Sweet(ビタースイート),https://cloud-jp.net/malaki-bittersweet/,MALAKI – Bitter Sweet(ビタースイート),グアバ,グレープフルーツ,グアバ||グレープフルーツ,・ビタースイート×オレンジ×グレープフルーツ – ピールの風味が特徴的な柑橘系とのミックス。,taste:bitterness|taste:sweetness,スイート|ビター,,,False,False,,False,,False,False,False,,,,False,False,
R0056,MALAKI – Bitter Sweet(ビタースイート),https://cloud-jp.net/malaki-bittersweet/,MALAKI – Bitter Sweet(ビタースイート),グアバ,グレープフルーツ,グアバ||グレープフルーツ,・ビタースイート×グアバ×パッションフルーツ – 南国系のフルーツミックスにちょい足しです。,taste:bitterness|taste:sweetness,スイート|ビター,,,False,False,,False,,False,False,False,,,,False,False,
R0127,DOZAJ – Grapefruit(グレープフルーツ)レビュー,https://cloud-jp.net/dozaj-grapefruit/,DOZAJ – Grapefruit(グレープフルーツ)レビュー,グアバ,グレープフルーツ,グアバ||グレープフルーツ,Grapefruitとしての完成度はかなり高いので、単品でもオススメできますがミックスをするなら、グアバやレモンがはずれないですね。,,,,,True,False,,False,,False,False,False,,,,False,False,
R0149,DOZAJ – Two Apple(トゥーアップル)レビュー,https://cloud-jp.net/dozaj-twoapple/,DOZAJ – Two Apple(トゥーアップル)レビュー,グアバ,グレープフルーツ,グアバ||グレープフルーツ,慣れてない方やTwo Appleをアクセントとして使いたい場合にはグレープフルーツやグアバ、ペアーあたりが良いのではないでしょうか。,,,evaluation:positive,良い,True,False,,False,,False,True,False,,,,False,False,
R0195,Al Fakher Grenadine(グレナデン)レビュー,https://cloud-jp.net/alfakher-grenadine-review/,Al Fakher Grenadine(グレナデン)レビュー,グアバ,グレープフルーツ,グアバ||グレープフルーツ,グアバやレモン、グレープフルーツ、オレンジ、ベリー系などとミックスすれば間違いなしです。,,,,,True,False,,False,,False,False,False,,,,False,False,
R0143,DOZAJ – Black Currant(ブラックカラント)レビュー,https://cloud-jp.net/dozaj-blackcurrant/,DOZAJ – Black Currant(ブラックカラント)レビュー,オレンジ,レモン,オレンジ||レモン,カシスのフレーバーであるため、最初に思いつくのはオレンジとミックスしてカシスオレンジ風ミックスですね。,,,,,False,False,,False,,False,False,False,,,,False,False,
R0143,DOZAJ – Black Currant(ブラックカラント)レビュー,https://cloud-jp.net/dozaj-blackcurrant/,DOZAJ – Black Currant(ブラックカラント)レビュー,オレンジ,レモン,オレンジ||レモン,フルーツ系はプラム、レモン、ザクロあたりが間違いないんじゃないかと思います。,,,,,False,False,,False,,False,False,False,,,,False,False,
R0195,Al Fakher Grenadine(グレナデン)レビュー,https://cloud-jp.net/alfakher-grenadine-review/,Al Fakher Grenadine(グレナデン)レビュー,オレンジ,レモン,オレンジ||レモン,グアバやレモン、グレープフルーツ、オレンジ、ベリー系などとミックスすれば間違いなしです。,,,,,True,True,レモン、グレープフルーツ、オレンジ、ベリー系などとミックス,False,,False,False,False,,,,False,False,
R0201,Social Smoke TangerineRush(タンジェリンラッシュ)レビュー,https://cloud-jp.net/socialsmoke-tangerinerush-review/,Social Smoke TangerineRush(タンジェリンラッシュ)レビュー,オレンジ,レモン,オレンジ||レモン,SSのオレンジよりも、柑橘系の甘さがより前に出ていると感じられます。,,,,,False,False,,False,,False,False,False,,,,False,False,
R0201,Social Smoke TangerineRush(タンジェリンラッシュ)レビュー,https://cloud-jp.net/socialsmoke-tangerinerush-review/,Social Smoke TangerineRush(タンジェリンラッシュ)レビュー,オレンジ,レモン,オレンジ||レモン,Social Smoke のタンジェリンラッシュは、レモンやグレープフルーツなどの柑橘系はもちろんミントやマウンテンフォグなどもおすすめです。,evaluation:positive,おすすめ,,,False,False,,False,,True,False,False,,,,False,False,
R0215,TRIFECTA Twice the Ice Xレビュー,https://cloud-jp.net/trifecta-twicetheicex-review/,TRIFECTA Twice the Ice Xレビュー,オレンジ,レモン,オレンジ||レモン,TRIFECTA Twice the Ice Xを使ったMIXにはレモンやグレープフルーツ、オレンジなどの柑橘系はバッチリです。,,,,,True,False,,False,,False,False,False,,,,False,False,
R0047,MALAKI – Grape Mint(グレープミント),https://cloud-jp.net/malaki-grapemint/,MALAKI – Grape Mint(グレープミント),ミント,ライチ,ミント||ライチ,MALAKI – Grape Mint(グレープミント)の特徴,,,,,False,False,,True,^[^。！？!?]*の特徴$,False,False,False,,,,False,False,
R0047,MALAKI – Grape Mint(グレープミント),https://cloud-jp.net/malaki-grapemint/,MALAKI – Grape Mint(グレープミント),ミント,ライチ,ミント||ライチ,MALAKI – Grape Mint(グレープミント)のおすすめミックス,evaluation:positive,おすすめ,,,False,False,,True,^[^。！？!?]*おすすめ(?:の)?ミックス(?:・組み合わせ)?$,True,False,False,,,,False,False,
R0047,MALAKI – Grape Mint(グレープミント),https://cloud-jp.net/malaki-grapemint/,MALAKI – Grape Mint(グレープミント),ミント,ライチ,ミント||ライチ,名前の通り、グレープとミントのミックスフレーバーです。,,,,,False,False,,False,,False,False,False,,,,False,False,
R0047,MALAKI – Grape Mint(グレープミント),https://cloud-jp.net/malaki-grapemint/,MALAKI – Grape Mint(グレープミント),ミント,ライチ,ミント||ライチ,ミントはマラキのミントミックスフレーバー同様、清涼感も感じられつつミントの香りもしっかりと立っている印象を受けます。,experience:aroma|experience:coolness,清涼感|香り,,,False,False,,False,,False,False,False,,,,False,False,
R0047,MALAKI – Grape Mint(グレープミント),https://cloud-jp.net/malaki-grapemint/,MALAKI – Grape Mint(グレープミント),ミント,ライチ,ミント||ライチ,全体として、グレープとミントのバランスが非常に良く、単体でも十分に楽しめます。,experience:balance,バランス,,,False,False,,False,,False,False,False,,,,False,False,
R0047,MALAKI – Grape Mint(グレープミント),https://cloud-jp.net/malaki-grapemint/,MALAKI – Grape Mint(グレープミント),ミント,ライチ,ミント||ライチ,瑞々しいグレープの甘さとミントの清涼感を生かすミックスを考えてみました。,experience:coolness,清涼感,,,False,False,,False,,False,False,False,,,,False,False,
R0047,MALAKI – Grape Mint(グレープミント),https://cloud-jp.net/malaki-grapemint/,MALAKI – Grape Mint(グレープミント),ミント,ライチ,ミント||ライチ,・グレープミント×ジャスミン×ライチ – 華やかな香りを楽しむミックスです。,experience:aroma,香り,,,False,False,,False,,False,False,False,,,,False,False,
R0047,MALAKI – Grape Mint(グレープミント),https://cloud-jp.net/malaki-grapemint/,MALAKI – Grape Mint(グレープミント),ミント,ライチ,ミント||ライチ,ジャスミンの香りとライチ・グレープミントの爽やかな甘さが非常によく合います。,experience:aroma|experience:coolness,爽やか|香り,,,False,False,,False,,False,False,False,,,,False,False,
R0047,MALAKI – Grape Mint(グレープミント),https://cloud-jp.net/malaki-grapemint/,MALAKI – Grape Mint(グレープミント),ミント,ライチ,ミント||ライチ,MALAKI – Grape Mint(グレープミント)はCLOUD SHOPにてご購入いただけます！,,,,,False,False,,True,CLOUD SHOPにてご購入いただけます,False,False,False,,,,False,False,
R0061,MALAKI – Mojito(モヒート),https://cloud-jp.net/malaki-mojito/,MALAKI – Mojito(モヒート),ミント,ライチ,ミント||ライチ,ミントの部分に関しては、ミントはマラキのミントミックスフレーバー同様、清涼感も感じられつつミントの香りもしっかりと立っている印象を受けます。,experience:aroma|experience:coolness,清涼感|香り,,,False,False,,False,,False,False,False,,,,False,False,
R0061,MALAKI – Mojito(モヒート),https://cloud-jp.net/malaki-mojito/,MALAKI – Mojito(モヒート),ミント,ライチ,ミント||ライチ,・モヒート×スイカ×ライチ – 甘スッキリフルーツとのミックスがモヒートとの相性抜群です。,experience:balance,相性,,,False,False,,False,,False,False,False,,,,False,False,
R0064,MALAKI – Mint(ミント),https://cloud-jp.net/malaki-mint/,MALAKI – Mint(ミント),ミント,ライチ,ミント||ライチ,・ミント×レモン×ライチ – ミントの幅の広さを考え、あえて王道に近いミックスを選びました。,,,,,True,False,,False,,False,False,False,,,,False,False,
R0097,Tabu – Pomelo(ポメロ)レビュー,https://cloud-jp.net/tabu-pomelo/,Tabu – Pomelo(ポメロ)レビュー,ミント,ライチ,ミント||ライチ,Tabuのポメロは、単体でも甘味、酸味、苦味を感じることのできるバランスの取れた完成度の高いフレーバーなので、単体やミントとのミックスがオススメです。,experience:balance|taste:acidity|taste:bitterness,バランス|苦味|酸味,,,False,False,,False,,False,False,False,,,,False,False,
R0097,Tabu – Pomelo(ポメロ)レビュー,https://cloud-jp.net/tabu-pomelo/,Tabu – Pomelo(ポメロ)レビュー,ミント,ライチ,ミント||ライチ,それ以外のミックスでは、buta taigaやボムシェルなどの香木系フレーバーとミックスして爽やかで上品な味わいのミックスにしたり、ライチやグレープフルーツ、パンションフルーツなどトミックスしてフルーツジューシーミックスにしたりするのもオススメです。,experience:coolness|taste:fruity,ジューシー|爽やか,,,False,False,,False,,False,False,False,,,,False,False,
R0061,MALAKI – Mojito(モヒート),https://cloud-jp.net/malaki-mojito/,MALAKI – Mojito(モヒート),ミント,ライム,ミント||ライム,ライムの皮の苦味やモヒートらしいハーブのような香りが清涼感の中にぼんやりと感じられます。,experience:aroma|experience:coolness|taste:bitterness,清涼感|苦味|香り,,,False,False,,False,,False,False,False,,,,False,False,
R0061,MALAKI – Mojito(モヒート),https://cloud-jp.net/malaki-mojito/,MALAKI – Mojito(モヒート),ミント,ライム,ミント||ライム,ミントの部分に関しては、ミントはマラキのミントミックスフレーバー同様、清涼感も感じられつつミントの香りもしっかりと立っている印象を受けます。,experience:aroma|experience:coolness,清涼感|香り,,,False,False,,False,,False,False,False,,,,False,False,
R0061,MALAKI – Mojito(モヒート),https://cloud-jp.net/malaki-mojito/,MALAKI – Mojito(モヒート),ミント,ライム,ミント||ライム,モヒートの清涼感とハーブやライムのような香りを生かしたミックスを考えてみました。,experience:aroma|experience:coolness,清涼感|香り,,,False,False,,False,,False,False,False,,,,False,False,
R0061,MALAKI – Mojito(モヒート),https://cloud-jp.net/malaki-mojito/,MALAKI – Mojito(モヒート),ミント,ライム,ミント||ライム,・モヒート×マウンテンフォグ×レモン – 同系統のミックスで、ライムやレモンとの相性が非常に良いです。,evaluation:positive|experience:balance,相性|良い,,,False,False,,False,,True,False,False,,,,False,False,
R0070,DOZAJ – Grape(グレープ)レビュー,https://cloud-jp.net/dozaj-grape/,DOZAJ – Grape(グレープ)レビュー,ミント,ライム,ミント||ライム,・グレープ×ライム×ミント – スッキリとグレープを楽しみたい方に向けたミックス。,,,,,True,True,ライム×ミント,False,,False,False,False,,,,False,False,
R0170,旬-SHUN- LEMON,https://cloud-jp.net/shun-lemon/,旬-SHUN- LEMON,ミント,ライム,ミント||ライム,・【旬-SHUN-】 LEMON(30%)　＋　【旬-SHUN-】MINT(30%) ＋　【AZURE】LIME(40%),,,,,True,False,,False,,False,False,False,,,,False,False,
R0209,Social Smoke Grape Chill(グレープチル)レビュー,https://cloud-jp.net/socialsmoke-grapechill-review/,Social Smoke Grape Chill(グレープチル)レビュー,ミント,ライム,ミント||ライム,ミントの清涼感も加わってまさにファンタグレープのような味に仕上がっています。,experience:coolness,清涼感,,,False,False,,False,,False,False,False,,,,False,False,
R0209,Social Smoke Grape Chill(グレープチル)レビュー,https://cloud-jp.net/socialsmoke-grapechill-review/,Social Smoke Grape Chill(グレープチル)レビュー,ミント,ライム,ミント||ライム,ベリー系やマウンテンフォグ、ホワイトグミベア、レモン、ライムなどがおすすめです。,evaluation:positive,おすすめ,,,False,False,,False,,True,False,False,,,,False,False,
R0065,MALAKI – Double Apple(ダブルアップル),https://cloud-jp.net/malaki-doubleapple/,MALAKI – Double Apple(ダブルアップル),ダブルアップル,リコリス,ダブルアップル||リコリス,マラキのダブルアップルは、リコリスの強いスッキリとした甘さが特徴のフレーバーです。,experience:heaviness,強い,,,True,False,,False,,False,False,False,,,,False,False,
R0065,MALAKI – Double Apple(ダブルアップル),https://cloud-jp.net/malaki-doubleapple/,MALAKI – Double Apple(ダブルアップル),ダブルアップル,リコリス,ダブルアップル||リコリス,・ダブルアップル×ゴールデンデリシャスアップル×グアバ – 青リンゴの熟し切っていない甘さとグアバの風味がリコリスの風味をしっかりと引き立てます。,,,,,True,False,,False,,False,False,False,,,,False,False,
R0149,DOZAJ – Two Apple(トゥーアップル)レビュー,https://cloud-jp.net/dozaj-twoapple/,DOZAJ – Two Apple(トゥーアップル)レビュー,ダブルアップル,リコリス,ダブルアップル||リコリス,Two Appleはアニスとリコリスというハーブをミックスしたフレーバーで、名前にアップルとは付くものの林檎とは違った味わいがします。,,,,,False,False,,False,,False,False,False,,,,False,False,
R0149,DOZAJ – Two Apple(トゥーアップル)レビュー,https://cloud-jp.net/dozaj-twoapple/,DOZAJ – Two Apple(トゥーアップル)レビュー,ダブルアップル,リコリス,ダブルアップル||リコリス,シーシャといえばダブルアップル、トゥーアップルが代名詞と言われがちですが、上述の通り林檎の味ではないので初心者向きではないと思います。,,,,,False,False,,False,,False,False,False,,,,False,False,
R0149,DOZAJ – Two Apple(トゥーアップル)レビュー,https://cloud-jp.net/dozaj-twoapple/,DOZAJ – Two Apple(トゥーアップル)レビュー,ダブルアップル,リコリス,ダブルアップル||リコリス,DozajのTwo Appleの香りはべたべたに甘い濃厚なアニスと爽やかなリコリスが特徴的です。,experience:aroma|experience:coolness|taste:richness|taste:sweetness,濃厚|爽やか|甘い|香り,,,False,False,,False,,False,False,False,,,,False,False,
R0149,DOZAJ – Two Apple(トゥーアップル)レビュー,https://cloud-jp.net/dozaj-twoapple/,DOZAJ – Two Apple(トゥーアップル)レビュー,ダブルアップル,リコリス,ダブルアップル||リコリス,リコリスの味を出したい場合はこの限りではありませんが。,,,,,False,False,,False,,False,False,False,,,,False,False,
R0149,DOZAJ – Two Apple(トゥーアップル)レビュー,https://cloud-jp.net/dozaj-twoapple/,DOZAJ – Two Apple(トゥーアップル)レビュー,ダブルアップル,リコリス,ダブルアップル||リコリス,高火力ではアニスの甘みを感じ、火力を下げればリコリスの爽やかさとアニスの甘みが半々の吸いやすい煙となるでしょう。,experience:coolness|experience:smoke|experience:smoothness,吸いやすい|煙|爽やか,,,False,False,,False,,False,False,False,,,,False,False,
R0174,旬-SHUN- TWO APPLE,https://cloud-jp.net/shun-two-apple/,旬-SHUN- TWO APPLE,ダブルアップル,リコリス,ダブルアップル||リコリス,第一印象としては、Al Fakherのダブルアップルのような伝統的なスパイスの効いたダブルアップルの味とは少し違う印象です。,taste:spicy,スパイス,,,False,False,,False,,False,False,False,,,,False,False,
R0174,旬-SHUN- TWO APPLE,https://cloud-jp.net/shun-two-apple/,旬-SHUN- TWO APPLE,ダブルアップル,リコリス,ダブルアップル||リコリス,リコリスやアニスのような好き嫌いの別れる香りはそこまで強く感じないです。,evaluation:positive|experience:aroma,好き|香り,,,False,False,,False,,True,False,False,,,,False,False,
R0174,旬-SHUN- TWO APPLE,https://cloud-jp.net/shun-two-apple/,旬-SHUN- TWO APPLE,ダブルアップル,リコリス,ダブルアップル||リコリス,その代わりに、アップルさが通常のダブルアップルよりも感じられます。,,,,,False,False,,False,,False,False,False,,,,False,False,
R0174,旬-SHUN- TWO APPLE,https://cloud-jp.net/shun-two-apple/,旬-SHUN- TWO APPLE,ダブルアップル,リコリス,ダブルアップル||リコリス,後味はダブルアップルのものですが、非常に吸いやすく、ダブルアップル（シーシャの沼）への入口になりうるフレーバーだと感じます。,,,,,False,False,,False,,False,False,False,,,,False,False,
R0174,旬-SHUN- TWO APPLE,https://cloud-jp.net/shun-two-apple/,旬-SHUN- TWO APPLE,ダブルアップル,リコリス,ダブルアップル||リコリス,おすすめのミックスとしては、ダブルアップルの風味を活かして、,evaluation:positive,おすすめ,,,False,False,,True,おすすめのミックス,True,False,False,,,,False,False,
R0174,旬-SHUN- TWO APPLE,https://cloud-jp.net/shun-two-apple/,旬-SHUN- TWO APPLE,ダブルアップル,リコリス,ダブルアップル||リコリス,・【Al Fakher】 ダブルアップル(50%)　＋　【旬-SHUN-】TWO APPLE(50%),,,,,False,False,,False,,False,False,False,,,,False,False,
R0068,DOZAJ – Cotton Candy(コットンキャンディー)レビュー,https://cloud-jp.net/dozaj-cottoncandy/,DOZAJ – Cotton Candy(コットンキャンディー)レビュー,キャラメル,ココナッツ,キャラメル||ココナッツ,・コットンキャンディ×キャラメル×ココナッツ – お菓子系フレーバーに似たフレーバーが少ないこともあり、甘めミックスを作るときにも重宝しそうです。,taste:sweetness,キャンディ|甘め,,,True,True,キャラメル×ココナッツ,False,,False,False,False,,,,False,False,
R0069,DOZAJ – Brown Sugar(ブラウンシュガー)レビュー,https://cloud-jp.net/dozaj-brownsugar/,DOZAJ – Brown Sugar(ブラウンシュガー)レビュー,キャラメル,ココナッツ,キャラメル||ココナッツ,・コットンキャンディ×キャラメル×ココナッツ – お菓子系フレーバーに似たフレーバーが少ないこともあり、甘めミックスを作るときにも重宝しそうです。,taste:sweetness,キャンディ|甘め,,,True,True,キャラメル×ココナッツ,False,,False,False,False,,,,False,False,
R0133,DOZAJ – Coconut(ココナッツ)レビュー,https://cloud-jp.net/dozaj-coconut/,DOZAJ – Coconut(ココナッツ)レビュー,キャラメル,ココナッツ,キャラメル||ココナッツ,また、バニラやキャラメルとミックスして甘々にするのも、甘党の方にはおすすめできます。,evaluation:positive,おすすめ,,,False,False,,False,,True,False,False,,,,False,False,
R0133,DOZAJ – Coconut(ココナッツ)レビュー,https://cloud-jp.net/dozaj-coconut/,DOZAJ – Coconut(ココナッツ)レビュー,キャラメル,ココナッツ,キャラメル||ココナッツ,DOZAJ(ドザジ) – Coconut(ココナッツ)はCLOUD SHOPにてご購入いただけます！,,,,,False,False,,True,CLOUD SHOPにてご購入いただけます,False,False,False,,,,False,False,
R0090,TROY – Melon Milk(メロンミルク)レビュー,https://cloud-jp.net/troy-melonmilk/,TROY – Melon Milk(メロンミルク)レビュー,ミルク,メロン,ミルク||メロン,TROY – Melon Milk(メロンミルク)の特徴,,,,,True,False,,True,^[^。！？!?]*の特徴$,False,False,False,,,,True,False,
R0090,TROY – Melon Milk(メロンミルク)レビュー,https://cloud-jp.net/troy-melonmilk/,TROY – Melon Milk(メロンミルク)レビュー,ミルク,メロン,ミルク||メロン,TROY – Melon Milk(メロンミルク)のおすすめミックス,evaluation:positive,おすすめ,,,True,True,メロンミルク)のおすすめミックス,True,^[^。！？!?]*おすすめ(?:の)?ミックス(?:・組み合わせ)?$,True,False,False,,,,True,False,
R0090,TROY – Melon Milk(メロンミルク)レビュー,https://cloud-jp.net/troy-melonmilk/,TROY – Melon Milk(メロンミルク)レビュー,ミルク,メロン,ミルク||メロン,メロンのウリっぽい香りが、どことなくdozajのキューカンバーのような風味があり、ミルクの甘味を加味しても甘さ一辺倒という印象はなく、バランスの取れたフレーバーです。,experience:balance,バランス,experience:aroma,香り,True,False,,False,,False,False,False,,,,True,False,
R0090,TROY – Melon Milk(メロンミルク)レビュー,https://cloud-jp.net/troy-melonmilk/,TROY – Melon Milk(メロンミルク)レビュー,ミルク,メロン,ミルク||メロン,吸った時にメロンのウリっぽさを前面に感じ、吐き出す時にミルクの濃厚な甘みが加わるような印象です。,taste:richness,濃厚,,,True,False,,False,,False,False,True,action,出す,,True,False,
R0090,TROY – Melon Milk(メロンミルク)レビュー,https://cloud-jp.net/troy-melonmilk/,TROY – Melon Milk(メロンミルク)レビュー,ミルク,メロン,ミルク||メロン,後味はメロンとミルクのハーモニーがしっかりと残り、口の中で広がります。,,,,,True,False,,False,,False,False,False,,,,True,False,
R0117,DOZAJ – The Bad(ザバッド)レビュー,https://cloud-jp.net/dozaj-thebad/,DOZAJ – The Bad(ザバッド)レビュー,ミルク,メロン,ミルク||メロン,単品でも美味しいThe Badですが、ミックスするとしたらココナッツやミルクといったフレーバーを合わせてもったり感をプラスしてあげるのがおすすめです。,evaluation:positive,おすすめ|美味しい,,,False,False,,False,,True,False,False,,,,True,False,
R0117,DOZAJ – The Bad(ザバッド)レビュー,https://cloud-jp.net/dozaj-thebad/,DOZAJ – The Bad(ザバッド)レビュー,ミルク,メロン,ミルク||メロン,DOZAJはCoconutsやMilkどちらも優秀なので、この機会に是非。,,,,,False,False,,False,,False,False,False,,,,True,False,
R0117,DOZAJ – The Bad(ザバッド)レビュー,https://cloud-jp.net/dozaj-thebad/,DOZAJ – The Bad(ザバッド)レビュー,ミルク,メロン,ミルク||メロン,また、スイカやメロンといった瓜系のフレーバーをミックスしても爽やかさがマシマシになって美味しいです。,evaluation:positive|experience:coolness,爽やか|美味しい,,,False,False,,False,,True,False,False,,,,True,False,
R0169,旬-SHUN- MELON,https://cloud-jp.net/shun-melon/,旬-SHUN- MELON,ミルク,メロン,ミルク||メロン,・【DOZAJ】MILK (50%)　＋　【旬-SHUN-】MELON(50%),,,,,True,False,,False,,False,False,False,,,,True,False,
R0044,MALAKI – Berry(ベリー),https://cloud-jp.net/malaki-berry/,MALAKI – Berry(ベリー),グレープ,ベリー,グレープ||ベリー,・ベリー×グレープ×グレナデン – ベリーとグレナデンの酸味を生かしつつ、グレープの優しい甘さのバランスを楽しむミックスです。,experience:balance|experience:smoothness|taste:acidity,バランス|優しい|酸味,,,True,True,ベリー×グレープ,False,,False,False,False,,,,False,False,
R0130,DOZAJ – Fury Winter(フューリーウィンター)レビュー,https://cloud-jp.net/dozaj-furywinter/,DOZAJ – Fury Winter(フューリーウィンター)レビュー,グレープ,ベリー,グレープ||ベリー,あとはAFのGrapeやGrenadin、Freshといった若干重ためのベリー系、カシス系フレーバーとミックスすることで、爽快感アップさせて吸うのが個人的に好きです。,evaluation:positive,好き,,,True,False,,False,,True,False,False,,,,False,False,
R0209,Social Smoke Grape Chill(グレープチル)レビュー,https://cloud-jp.net/socialsmoke-grapechill-review/,Social Smoke Grape Chill(グレープチル)レビュー,グレープ,ベリー,グレープ||ベリー,Social Smoke(ソーシャルスモーク) Grape Chill(グレープチル)のレビューです。,,,,,False,False,,True,^[^。！？!?]*のレビューです。?$,False,False,False,,,,False,False,
R0209,Social Smoke Grape Chill(グレープチル)レビュー,https://cloud-jp.net/socialsmoke-grapechill-review/,Social Smoke Grape Chill(グレープチル)レビュー,グレープ,ベリー,グレープ||ベリー,Social Smoke Grape Chill(グレープチル)の特徴,,,,,False,False,,True,^[^。！？!?]*の特徴$,False,False,False,,,,False,False,
R0209,Social Smoke Grape Chill(グレープチル)レビュー,https://cloud-jp.net/socialsmoke-grapechill-review/,Social Smoke Grape Chill(グレープチル)レビュー,グレープ,ベリー,グレープ||ベリー,Social Smoke Grape Chill(グレープチル)を使ったMIX,,,,,False,False,,False,,False,False,False,,,,False,False,
R0209,Social Smoke Grape Chill(グレープチル)レビュー,https://cloud-jp.net/socialsmoke-grapechill-review/,Social Smoke Grape Chill(グレープチル)レビュー,グレープ,ベリー,グレープ||ベリー,香りは、AFのグレープのような甘味と渋みがあるクラシックな味ではなく、グレープ味のハイチュウやファンタグレープのような、はっきりとしたグレープのお菓子のような甘みを感じられます。,experience:aroma,香り,,,False,False,,False,,False,False,False,,,,False,False,
R0209,Social Smoke Grape Chill(グレープチル)レビュー,https://cloud-jp.net/socialsmoke-grapechill-review/,Social Smoke Grape Chill(グレープチル)レビュー,グレープ,ベリー,グレープ||ベリー,Grape Chill(グレープチル)は単体で甘さとさっぱりさを兼ね備えているので、さっぱり系や甘さを活かしたMIXがおすすめです。,evaluation:positive|experience:coolness,おすすめ|さっぱり,,,False,False,,False,,True,False,False,,,,False,False,
R0209,Social Smoke Grape Chill(グレープチル)レビュー,https://cloud-jp.net/socialsmoke-grapechill-review/,Social Smoke Grape Chill(グレープチル)レビュー,グレープ,ベリー,グレープ||ベリー,ベリー系やマウンテンフォグ、ホワイトグミベア、レモン、ライムなどがおすすめです。,evaluation:positive,おすすめ,,,False,False,,False,,True,False,False,,,,False,False,
R0091,TROY – Banana Milk(バナナミルク)レビュー,https://cloud-jp.net/troy-bananamilk/,TROY – Banana Milk(バナナミルク)レビュー,バナナ,ミルク,バナナ||ミルク,TROY – Banana Milk(バナナミルク)の特徴,,,,,True,False,,True,^[^。！？!?]*の特徴$,False,False,False,,,,True,False,
R0091,TROY – Banana Milk(バナナミルク)レビュー,https://cloud-jp.net/troy-bananamilk/,TROY – Banana Milk(バナナミルク)レビュー,バナナ,ミルク,バナナ||ミルク,TROY – Banana Milk(バナナミルク)のおすすめミックス,evaluation:positive,おすすめ,,,True,True,バナナミルク)のおすすめミックス,True,^[^。！？!?]*おすすめ(?:の)?ミックス(?:・組み合わせ)?$,True,False,False,,,,True,False,
R0091,TROY – Banana Milk(バナナミルク)レビュー,https://cloud-jp.net/troy-bananamilk/,TROY – Banana Milk(バナナミルク)レビュー,バナナ,ミルク,バナナ||ミルク,濃厚なバナナの甘い香りに、ミルクのクリーミーな甘味がミックスされたフレーバー。,experience:aroma|taste:richness|taste:sweetness,濃厚|甘い|香り,,,True,True,バナナの甘い香りに、ミルクのクリーミーな甘味がミックス,False,,False,False,False,,,,True,False,
R0091,TROY – Banana Milk(バナナミルク)レビュー,https://cloud-jp.net/troy-bananamilk/,TROY – Banana Milk(バナナミルク)レビュー,バナナ,ミルク,バナナ||ミルク,バナナの甘味と若干の渋みのようなものがとてもよく再現されており、その甘みをミルクで加速させているような印象です。,,,,,True,False,,False,,False,False,False,,,,True,False,
R0155,TROY – CAPPUCCINO(カプチーノ)レビュー,https://cloud-jp.net/troy-cappuccino/,TROY – CAPPUCCINO(カプチーノ)レビュー,バナナ,ミルク,バナナ||ミルク,香りとしてはビターなコーヒーとミルクのクリーミーな甘さを感じます。,experience:aroma|taste:bitterness,ビター|香り,,,False,False,,False,,False,False,False,,,,True,False,
R0155,TROY – CAPPUCCINO(カプチーノ)レビュー,https://cloud-jp.net/troy-cappuccino/,TROY – CAPPUCCINO(カプチーノ)レビュー,バナナ,ミルク,バナナ||ミルク,どちらかと言えばミルクな甘みの方がしっかりと出るフレーバーな印象です。,,,,,False,False,,False,,False,False,False,,,,True,False,
R0155,TROY – CAPPUCCINO(カプチーノ)レビュー,https://cloud-jp.net/troy-cappuccino/,TROY – CAPPUCCINO(カプチーノ)レビュー,バナナ,ミルク,バナナ||ミルク,フルーツ系であればAl FakherのCherryやSocial SmokeのBanana Fosterとのミックスをおすすめします。,evaluation:positive,おすすめ,,,False,False,,False,,True,False,False,,,,True,False,
R0157,TROY – ICE BANANA(アイスバナナ)レビュー,https://cloud-jp.net/troy-icebanana/,TROY – ICE BANANA(アイスバナナ)レビュー,バナナ,ミルク,バナナ||ミルク,こちらの記事では、TROY(トロイ)のICE BANANA(アイスバナナ)のフレーバーレビューをご紹介します。,,,,,False,False,,False,,False,False,False,,,,True,False,
R0157,TROY – ICE BANANA(アイスバナナ)レビュー,https://cloud-jp.net/troy-icebanana/,TROY – ICE BANANA(アイスバナナ)レビュー,バナナ,ミルク,バナナ||ミルク,Ice Bananaの特徴,,,,,False,False,,True,^[^。！？!?]*の特徴$,False,False,False,,,,True,False,
R0157,TROY – ICE BANANA(アイスバナナ)レビュー,https://cloud-jp.net/troy-icebanana/,TROY – ICE BANANA(アイスバナナ)レビュー,バナナ,ミルク,バナナ||ミルク,Ice Bananaを使ったおすすめミックス,evaluation:positive,おすすめ,,,False,False,,True,^[^。！？!?]*おすすめ(?:の)?ミックス(?:・組み合わせ)?$,True,False,False,,,,True,False,
R0157,TROY – ICE BANANA(アイスバナナ)レビュー,https://cloud-jp.net/troy-icebanana/,TROY – ICE BANANA(アイスバナナ)レビュー,バナナ,ミルク,バナナ||ミルク,TROY IceBananaは、くどい甘さのない、すっきりとしたバナナフレーバーです。,,,,,False,False,,False,,False,False,False,,,,True,False,
R0157,TROY – ICE BANANA(アイスバナナ)レビュー,https://cloud-jp.net/troy-icebanana/,TROY – ICE BANANA(アイスバナナ)レビュー,バナナ,ミルク,バナナ||ミルク,吸った瞬間はバナナオレからミルクの濃厚な甘さを抜いたような、バナナの風味をしっかりと感じられる。,taste:richness,濃厚,,,False,False,,False,,False,False,False,,,,True,False,
R0157,TROY – ICE BANANA(アイスバナナ)レビュー,https://cloud-jp.net/troy-icebanana/,TROY – ICE BANANA(アイスバナナ)レビュー,バナナ,ミルク,バナナ||ミルク,変にクリーム系の甘さを加えたりせず、正直なバナナの香りを表現している印象。,experience:aroma,香り,,,False,False,,False,,False,False,False,,,,True,False,
R0157,TROY – ICE BANANA(アイスバナナ)レビュー,https://cloud-jp.net/troy-icebanana/,TROY – ICE BANANA(アイスバナナ)レビュー,バナナ,ミルク,バナナ||ミルク,TROY Ice Bananaを使ったミックスには、まったりとした甘さを加えてあげるのが無難な気がします。,,,,,False,False,,False,,False,False,False,,,,True,False,
R0157,TROY – ICE BANANA(アイスバナナ)レビュー,https://cloud-jp.net/troy-icebanana/,TROY – ICE BANANA(アイスバナナ)レビュー,バナナ,ミルク,バナナ||ミルク,TROYのラインナップではハニーミルク、それ以外ではチョコ系やミルク系のフレーバーとは相性抜群です。,experience:balance,相性,,,False,False,,False,,False,False,False,,,,True,False,
R0157,TROY – ICE BANANA(アイスバナナ)レビュー,https://cloud-jp.net/troy-icebanana/,TROY – ICE BANANA(アイスバナナ)レビュー,バナナ,ミルク,バナナ||ミルク,TROY(トロイ) -ICE BANANA(アイスバナナ)はCLOUD SHOPにてご購入いただけます！,,,,,False,False,,True,CLOUD SHOPにてご購入いただけます,False,False,False,,,,True,False,
R0125,DOZAJ – Gum(ガム)レビュー,https://cloud-jp.net/dozaj-gum/,DOZAJ – Gum(ガム)レビュー,グレープフルーツ,ライム,グレープフルーツ||ライム,Gumはまさにガムそのものの味わいなので、ミックスする際にもライムやグレープフルーツ、レモンあたりの柑橘系フレーバーと合わせて、お好みのガムの味に仕上げていくのがオススメです。,,,,,True,False,,False,,False,False,False,,,,False,False,
R0186,Shiazo Woodruff(ウッドラフ)レビュー,https://cloud-jp.net/shiazo-woodruff/,Shiazo Woodruff(ウッドラフ)レビュー,グレープフルーツ,ライム,グレープフルーツ||ライム,Shiazo Woodruffを使ったおすすめのミックスは、このフレーバーのさっぱり、爽やかとしたフローラルな香りを活かすことができる、ライムやレモン、グレープフルーツなどの柑橘系フレーバーがおすすめです。,evaluation:positive|experience:aroma|experience:coolness,おすすめ|さっぱり|爽やか|香り,,,True,False,,True,おすすめのミックス,True,False,False,,,,False,False,
R0217,TRIFECTA MountainFog(マウンテンフォグ)レビュー,https://cloud-jp.net/trifecta-mountainfog-review/,TRIFECTA MountainFog(マウンテンフォグ)レビュー,グレープフルーツ,ライム,グレープフルーツ||ライム,マウンテンフォグの香りは、濃厚なライムの香りに、さっぱりとしたレモンの風味が感じられるフレーバーです。,experience:aroma|experience:coolness|taste:richness,さっぱり|濃厚|香り,,,False,False,,False,,False,False,False,,,,False,False,
R0217,TRIFECTA MountainFog(マウンテンフォグ)レビュー,https://cloud-jp.net/trifecta-mountainfog-review/,TRIFECTA MountainFog(マウンテンフォグ)レビュー,グレープフルーツ,ライム,グレープフルーツ||ライム,ライムはしっとりした甘さの中に少しビター（ケミカルな感じ）を感じ、それらをレモンがうまく引き立てています。,taste:bitterness,ビター,,,False,False,,False,,False,False,False,,,,False,False,
R0217,TRIFECTA MountainFog(マウンテンフォグ)レビュー,https://cloud-jp.net/trifecta-mountainfog-review/,TRIFECTA MountainFog(マウンテンフォグ)レビュー,グレープフルーツ,ライム,グレープフルーツ||ライム,それ以外にも、レモンやグレープフルーツ、ペアチルなどの柑橘系でさっぱりと仕上げたり、カルダモンやミント系もよくあいます。,experience:coolness,さっぱり,,,False,False,,False,,False,False,False,,,,False,False,
R0064,MALAKI – Mint(ミント),https://cloud-jp.net/malaki-mint/,MALAKI – Mint(ミント),アイス,ミント,アイス||ミント,アルファーヘル、FMLのミントやドザジのアイスなどを混ぜると美味しいです。,evaluation:positive,美味しい,,,True,True,ミントやドザジのアイスなどを混ぜる,False,,True,False,False,,,,False,False,
R0100,Tabu – Ice(アイス)レビュー,https://cloud-jp.net/tabu-ice/,Tabu – Ice(アイス)レビュー,アイス,ミント,アイス||ミント,Tabu Ice(アイス)の特徴,,,,,False,False,,True,^[^。！？!?]*の特徴$,False,False,False,,,,False,False,
R0100,Tabu – Ice(アイス)レビュー,https://cloud-jp.net/tabu-ice/,Tabu – Ice(アイス)レビュー,アイス,ミント,アイス||ミント,Tabu Ice(アイス)のおすすめミックス・組み合わせ,evaluation:positive,おすすめ,,,False,False,,True,^[^。！？!?]*おすすめ(?:の)?ミックス(?:・組み合わせ)?$,True,False,False,,,,False,False,
R0100,Tabu – Ice(アイス)レビュー,https://cloud-jp.net/tabu-ice/,Tabu – Ice(アイス)レビュー,アイス,ミント,アイス||ミント,Tabuのアイスは、強すぎず弱すぎない、適度な清涼感が特徴です。,experience:coolness,清涼感,,,False,False,,False,,False,False,False,,,,False,False,
R0100,Tabu – Ice(アイス)レビュー,https://cloud-jp.net/tabu-ice/,Tabu – Ice(アイス)レビュー,アイス,ミント,アイス||ミント,また、ミントのような草っぽさが若干あり、バニラのようなクリーム系の甘さもほんのり香ります。,experience:aroma,香り,,,False,False,,False,,False,False,False,,,,False,False,
R0100,Tabu – Ice(アイス)レビュー,https://cloud-jp.net/tabu-ice/,Tabu – Ice(アイス)レビュー,アイス,ミント,アイス||ミント,Tabu(タブ) – Ice(アイス)はCLOUD SHOPにてご購入いただけます！,,,,,False,False,,True,CLOUD SHOPにてご購入いただけます,False,False,False,,,,False,False,
R0136,DOZAJ – Chocolate(チョコレート)レビュー,https://cloud-jp.net/dozaj-chocolate/,DOZAJ – Chocolate(チョコレート)レビュー,アイス,ミント,アイス||ミント,また、ミントやアイスといった清涼感があるフレーバーとの組み合わせもチョコミントっぽく仕上がるのでチョコミン党の方は是非一度試してみてはいかがでしょうか。,experience:coolness,清涼感,,,True,False,,False,,False,False,False,,,,False,False,
R0056,MALAKI – Bitter Sweet(ビタースイート),https://cloud-jp.net/malaki-bittersweet/,MALAKI – Bitter Sweet(ビタースイート),オレンジ,グアバ,オレンジ||グアバ,・ビタースイート×オレンジ×グレープフルーツ – ピールの風味が特徴的な柑橘系とのミックス。,taste:bitterness|taste:sweetness,スイート|ビター,,,False,False,,False,,False,False,False,,,,False,False,
R0056,MALAKI – Bitter Sweet(ビタースイート),https://cloud-jp.net/malaki-bittersweet/,MALAKI – Bitter Sweet(ビタースイート),オレンジ,グアバ,オレンジ||グアバ,・ビタースイート×グアバ×パッションフルーツ – 南国系のフルーツミックスにちょい足しです。,taste:bitterness|taste:sweetness,スイート|ビター,,,False,False,,False,,False,False,False,,,,False,False,
R0073,DOZAJ – Banana(バナナ)レビュー,https://cloud-jp.net/dozaj-banana/,DOZAJ – Banana(バナナ)レビュー,オレンジ,グアバ,オレンジ||グアバ,・バナナ×グアバ – バナナの甘みをしっかりと楽しめ、グアバが青臭さで後味をさっぱりとまとめてくれます。,experience:coolness,さっぱり,,,False,False,,False,,False,False,False,,,,False,False,
R0073,DOZAJ – Banana(バナナ)レビュー,https://cloud-jp.net/dozaj-banana/,DOZAJ – Banana(バナナ)レビュー,オレンジ,グアバ,オレンジ||グアバ,・バナナ×ピーチ×キウイ×オレンジ – ミックスジュース風のミックス。,,,,,False,False,,False,,False,False,False,,,,False,False,
R0195,Al Fakher Grenadine(グレナデン)レビュー,https://cloud-jp.net/alfakher-grenadine-review/,Al Fakher Grenadine(グレナデン)レビュー,オレンジ,グアバ,オレンジ||グアバ,グアバやレモン、グレープフルーツ、オレンジ、ベリー系などとミックスすれば間違いなしです。,,,,,True,False,,False,,False,False,False,,,,False,False,
R0061,MALAKI – Mojito(モヒート),https://cloud-jp.net/malaki-mojito/,MALAKI – Mojito(モヒート),ライチ,レモン,ライチ||レモン,・モヒート×マウンテンフォグ×レモン – 同系統のミックスで、ライムやレモンとの相性が非常に良いです。,evaluation:positive|experience:balance,相性|良い,,,False,False,,False,,True,False,False,,,,False,False,
R0061,MALAKI – Mojito(モヒート),https://cloud-jp.net/malaki-mojito/,MALAKI – Mojito(モヒート),ライチ,レモン,ライチ||レモン,・モヒート×スイカ×ライチ – 甘スッキリフルーツとのミックスがモヒートとの相性抜群です。,experience:balance,相性,,,False,False,,False,,False,False,False,,,,False,False,
R0064,MALAKI – Mint(ミント),https://cloud-jp.net/malaki-mint/,MALAKI – Mint(ミント),ライチ,レモン,ライチ||レモン,・ミント×レモン×ライチ – ミントの幅の広さを考え、あえて王道に近いミックスを選びました。,,,,,True,True,レモン×ライチ,False,,False,False,False,,,,False,False,
R0181,ICE ROCKZ MixedFruits(ミックスフルーツ)レビュー,https://cloud-jp.net/icerockz-mixedfruits/,ICE ROCKZ MixedFruits(ミックスフルーツ)レビュー,ライチ,レモン,ライチ||レモン,ICE ROCKZ MixedFruits(ミックスフルーツ)は、ミックスフルーツフレーバーなので、アップルやライチ、キウイ、レモン、ピーチなどの幅広いフルーツ系フレーバーとのミックスで力を発揮します。,,,,,True,False,,False,,False,False,False,,,,False,False,
R0112,Tabu – Fayjoa Cheese Cake(フェイジョアチーズケーキ)レビュー,https://cloud-jp.net/tabu-fayjoacheesecake/,Tabu – Fayjoa Cheese Cake(フェイジョアチーズケーキ)レビュー,バニラ,ミルク,バニラ||ミルク,そのためレモンなどを加えて酸味をプラスしたり、ミルクやバニラを組合わせてクリーミー感をプラスしたりすると、お好みにあった香りに合わせて楽しむことができそうです。,experience:aroma|taste:acidity,酸味|香り,,,True,False,,False,,False,False,False,,,,False,False,
R0155,TROY – CAPPUCCINO(カプチーノ)レビュー,https://cloud-jp.net/troy-cappuccino/,TROY – CAPPUCCINO(カプチーノ)レビュー,バニラ,ミルク,バニラ||ミルク,香りとしてはビターなコーヒーとミルクのクリーミーな甘さを感じます。,experience:aroma|taste:bitterness,ビター|香り,,,False,False,,False,,False,False,False,,,,False,False,
R0155,TROY – CAPPUCCINO(カプチーノ)レビュー,https://cloud-jp.net/troy-cappuccino/,TROY – CAPPUCCINO(カプチーノ)レビュー,バニラ,ミルク,バニラ||ミルク,どちらかと言えばミルクな甘みの方がしっかりと出るフレーバーな印象です。,,,,,False,False,,False,,False,False,False,,,,False,False,
R0155,TROY – CAPPUCCINO(カプチーノ)レビュー,https://cloud-jp.net/troy-cappuccino/,TROY – CAPPUCCINO(カプチーノ)レビュー,バニラ,ミルク,バニラ||ミルク,ミックスに関して、ビターさを出してあげるのであればYa LaylのCoffeeやDookahのCoffeeあたり、甘みを足すのであればAl fakherのVanillaやSocial SmokeのDulce de leche、AzureのChocolate Cakeあたりが鉄板かと思います。,taste:bitterness,ビター,,,False,False,,False,,False,False,True,action,足す,,False,False,
R0191,DeCloud Almond(アーモンド)レビュー,https://cloud-jp.net/decloud-almond-review/,DeCloud Almond(アーモンド)レビュー,バニラ,ミルク,バニラ||ミルク,ミックスにおすすめのフレーバーは、ミルク、バニラなどのクリーム系のフレーバーが相性抜群です。,evaluation:positive|experience:balance,おすすめ|相性,,,True,False,,False,,True,False,False,,,,False,False,
R0143,DOZAJ – Black Currant(ブラックカラント)レビュー,https://cloud-jp.net/dozaj-blackcurrant/,DOZAJ – Black Currant(ブラックカラント)レビュー,ベリー,レモン,ベリー||レモン,Black Currantは別名カシスと呼ばれ、ベリーの一種です。,,,,,False,False,,False,,False,False,False,,,,False,False,
R0143,DOZAJ – Black Currant(ブラックカラント)レビュー,https://cloud-jp.net/dozaj-blackcurrant/,DOZAJ – Black Currant(ブラックカラント)レビュー,ベリー,レモン,ベリー||レモン,吸った感じとしては、ほんのりとした苦味とベリー系の甘さを感じます。,taste:bitterness,苦味,,,False,False,,False,,False,False,False,,,,False,False,
R0143,DOZAJ – Black Currant(ブラックカラント)レビュー,https://cloud-jp.net/dozaj-blackcurrant/,DOZAJ – Black Currant(ブラックカラント)レビュー,ベリー,レモン,ベリー||レモン,一方でベリー系にありがちな酸味はあまりないです。,,,taste:acidity,酸味,False,False,,False,,False,False,False,,,,False,False,
R0143,DOZAJ – Black Currant(ブラックカラント)レビュー,https://cloud-jp.net/dozaj-blackcurrant/,DOZAJ – Black Currant(ブラックカラント)レビュー,ベリー,レモン,ベリー||レモン,煙の質感として、喉にひっかかることはありませんが、ベリー、カシス系特有の重たさみたいなものを感じます。,experience:smoke,煙,,,False,False,,False,,False,False,False,,,,False,False,
R0143,DOZAJ – Black Currant(ブラックカラント)レビュー,https://cloud-jp.net/dozaj-blackcurrant/,DOZAJ – Black Currant(ブラックカラント)レビュー,ベリー,レモン,ベリー||レモン,フルーツ系はプラム、レモン、ザクロあたりが間違いないんじゃないかと思います。,,,,,False,False,,False,,False,False,False,,,,False,False,
R0195,Al Fakher Grenadine(グレナデン)レビュー,https://cloud-jp.net/alfakher-grenadine-review/,Al Fakher Grenadine(グレナデン)レビュー,ベリー,レモン,ベリー||レモン,グアバやレモン、グレープフルーツ、オレンジ、ベリー系などとミックスすれば間違いなしです。,,,,,True,False,,False,,False,False,False,,,,False,False,
R0209,Social Smoke Grape Chill(グレープチル)レビュー,https://cloud-jp.net/socialsmoke-grapechill-review/,Social Smoke Grape Chill(グレープチル)レビュー,ベリー,レモン,ベリー||レモン,ベリー系やマウンテンフォグ、ホワイトグミベア、レモン、ライムなどがおすすめです。,evaluation:positive,おすすめ,,,True,False,,False,,True,False,False,,,,False,False,
R0051,MALAKI – Cool Breeze(クールブリーズ),https://cloud-jp.net/malaki-coolbreeze/,MALAKI – Cool Breeze(クールブリーズ),グアバ,レモン,グアバ||レモン,・クールブリーズ×パイナップルグアバ×メロン – 瓜系の甘いミックスが清涼感とグアバの苦味でしっかりとまとまります。,experience:balance|experience:coolness|taste:bitterness|taste:sweetness,まとまり|クール|清涼感|甘い|苦味,,,False,False,,False,,False,False,False,,,,False,False,
R0051,MALAKI – Cool Breeze(クールブリーズ),https://cloud-jp.net/malaki-coolbreeze/,MALAKI – Cool Breeze(クールブリーズ),グアバ,レモン,グアバ||レモン,・クールブリーズ×ミント×レモン – レモンの酸味とミントの清涼感、そしてクールブリーズの特徴ある後味が調和されたミックスです。,experience:balance|experience:coolness|taste:acidity,クール|清涼感|調和|酸味,,,False,False,,False,,False,False,False,,,,False,False,
R0127,DOZAJ – Grapefruit(グレープフルーツ)レビュー,https://cloud-jp.net/dozaj-grapefruit/,DOZAJ – Grapefruit(グレープフルーツ)レビュー,グアバ,レモン,グアバ||レモン,Grapefruitとしての完成度はかなり高いので、単品でもオススメできますがミックスをするなら、グアバやレモンがはずれないですね。,,,,,True,False,,False,,False,False,False,,,,False,False,
R0195,Al Fakher Grenadine(グレナデン)レビュー,https://cloud-jp.net/alfakher-grenadine-review/,Al Fakher Grenadine(グレナデン)レビュー,グアバ,レモン,グアバ||レモン,グアバやレモン、グレープフルーツ、オレンジ、ベリー系などとミックスすれば間違いなしです。,,,,,True,False,,False,,False,False,False,,,,False,False,
R0044,MALAKI – Berry(ベリー),https://cloud-jp.net/malaki-berry/,MALAKI – Berry(ベリー),ベリー,ミント,ベリー||ミント,・ベリー×ブルーヘブン×ミント – ベリーの甘酸っぱさ、ブルーヘブンのすっきりとした酸味・甘み・清涼感、そしてミントの清涼感の調和を楽しむミックスです。,experience:balance|experience:coolness|taste:acidity,清涼感|調和|酸味,,,True,False,,False,,False,False,False,,,,False,False,
R0130,DOZAJ – Fury Winter(フューリーウィンター)レビュー,https://cloud-jp.net/dozaj-furywinter/,DOZAJ – Fury Winter(フューリーウィンター)レビュー,ベリー,ミント,ベリー||ミント,Fury Winterはミント、アイス系のフレーバーなので基本的には何でも合います。,,,,,False,False,,False,,False,False,False,,,,False,False,
R0130,DOZAJ – Fury Winter(フューリーウィンター)レビュー,https://cloud-jp.net/dozaj-furywinter/,DOZAJ – Fury Winter(フューリーウィンター)レビュー,ベリー,ミント,ベリー||ミント,純粋なミントではなく、若干のハーブっぽさが味付けされているためコーラ系フレーバーとの相性がいいと感じました。,experience:balance,相性,,,False,False,,False,,False,False,False,,,,False,False,
R0130,DOZAJ – Fury Winter(フューリーウィンター)レビュー,https://cloud-jp.net/dozaj-furywinter/,DOZAJ – Fury Winter(フューリーウィンター)レビュー,ベリー,ミント,ベリー||ミント,あとはAFのGrapeやGrenadin、Freshといった若干重ためのベリー系、カシス系フレーバーとミックスすることで、爽快感アップさせて吸うのが個人的に好きです。,evaluation:positive,好き,,,False,False,,False,,True,False,False,,,,False,False,
R0209,Social Smoke Grape Chill(グレープチル)レビュー,https://cloud-jp.net/socialsmoke-grapechill-review/,Social Smoke Grape Chill(グレープチル)レビュー,ベリー,ミント,ベリー||ミント,ミントの清涼感も加わってまさにファンタグレープのような味に仕上がっています。,experience:coolness,清涼感,,,False,False,,False,,False,False,False,,,,False,False,
R0209,Social Smoke Grape Chill(グレープチル)レビュー,https://cloud-jp.net/socialsmoke-grapechill-review/,Social Smoke Grape Chill(グレープチル)レビュー,ベリー,ミント,ベリー||ミント,ベリー系やマウンテンフォグ、ホワイトグミベア、レモン、ライムなどがおすすめです。,evaluation:positive,おすすめ,,,False,False,,False,,True,False,False,,,,False,False,
R0060,MALAKI – Orange Mint(オレンジミント),https://cloud-jp.net/malaki-orangemint/,MALAKI – Orange Mint(オレンジミント),オレンジ,ミント,オレンジ||ミント,MALAKI – Orange Mint(オレンジミント)の特徴,,,,,True,False,,True,^[^。！？!?]*の特徴$,False,False,False,,,,True,False,
R0060,MALAKI – Orange Mint(オレンジミント),https://cloud-jp.net/malaki-orangemint/,MALAKI – Orange Mint(オレンジミント),オレンジ,ミント,オレンジ||ミント,MALAKI – Orange Mint(オレンジミント)のおすすめミックス,evaluation:positive,おすすめ,,,True,True,オレンジミント)のおすすめミックス,True,^[^。！？!?]*おすすめ(?:の)?ミックス(?:・組み合わせ)?$,True,False,False,,,,True,False,
R0060,MALAKI – Orange Mint(オレンジミント),https://cloud-jp.net/malaki-orangemint/,MALAKI – Orange Mint(オレンジミント),オレンジ,ミント,オレンジ||ミント,MALAKI – Orange Mint(オレンジミント)はCLOUD SHOPにてご購入いただけます！,,,,,True,False,,True,CLOUD SHOPにてご購入いただけます,False,False,False,,,,True,False,
R0097,Tabu – Pomelo(ポメロ)レビュー,https://cloud-jp.net/tabu-pomelo/,Tabu – Pomelo(ポメロ)レビュー,オレンジ,ミント,オレンジ||ミント,筆者である私と同様、ポメロをそもそも知らない方が多いと思うので他のフルーツに例えると、吸っている時は舌でオレンジのような甘味を感じ、吐くときにグレープフルーツのような酸味・ビターさを感じます。,taste:acidity|taste:bitterness,ビター|酸味,,,False,False,,False,,False,False,False,,,,True,False,
R0097,Tabu – Pomelo(ポメロ)レビュー,https://cloud-jp.net/tabu-pomelo/,Tabu – Pomelo(ポメロ)レビュー,オレンジ,ミント,オレンジ||ミント,Tabuのポメロは、単体でも甘味、酸味、苦味を感じることのできるバランスの取れた完成度の高いフレーバーなので、単体やミントとのミックスがオススメです。,experience:balance|taste:acidity|taste:bitterness,バランス|苦味|酸味,,,False,False,,False,,False,False,False,,,,True,False,
R0215,TRIFECTA Twice the Ice Xレビュー,https://cloud-jp.net/trifecta-twicetheicex-review/,TRIFECTA Twice the Ice Xレビュー,オレンジ,ミント,オレンジ||ミント,TRトゥワイスジアイスエックスはミントのフレーバーです。,,,,,False,False,,False,,False,False,False,,,,True,False,
R0215,TRIFECTA Twice the Ice Xレビュー,https://cloud-jp.net/trifecta-twicetheicex-review/,TRIFECTA Twice the Ice Xレビュー,オレンジ,ミント,オレンジ||ミント,しかし、ただのミントだと勘違いしてはいけません。,,,,,False,False,,False,,False,False,False,,,,True,False,
R0215,TRIFECTA Twice the Ice Xレビュー,https://cloud-jp.net/trifecta-twicetheicex-review/,TRIFECTA Twice the Ice Xレビュー,オレンジ,ミント,オレンジ||ミント,ミントは吸った後も喉の清涼感が持続するほどインパクトが強く、その中にほんのりと甘みがあるような気がします。,experience:coolness,清涼感,,,False,False,,False,,False,False,False,,,,True,False,
R0215,TRIFECTA Twice the Ice Xレビュー,https://cloud-jp.net/trifecta-twicetheicex-review/,TRIFECTA Twice the Ice Xレビュー,オレンジ,ミント,オレンジ||ミント,TRIFECTA Twice the Ice Xを使ったMIXにはレモンやグレープフルーツ、オレンジなどの柑橘系はバッチリです。,,,,,False,False,,False,,False,False,False,,,,True,False,
R0051,MALAKI – Cool Breeze(クールブリーズ),https://cloud-jp.net/malaki-coolbreeze/,MALAKI – Cool Breeze(クールブリーズ),グアバ,ミント,グアバ||ミント,・クールブリーズ×パイナップルグアバ×メロン – 瓜系の甘いミックスが清涼感とグアバの苦味でしっかりとまとまります。,experience:balance|experience:coolness|taste:bitterness|taste:sweetness,まとまり|クール|清涼感|甘い|苦味,,,False,False,,False,,False,False,False,,,,False,False,
R0051,MALAKI – Cool Breeze(クールブリーズ),https://cloud-jp.net/malaki-coolbreeze/,MALAKI – Cool Breeze(クールブリーズ),グアバ,ミント,グアバ||ミント,・クールブリーズ×ミント×レモン – レモンの酸味とミントの清涼感、そしてクールブリーズの特徴ある後味が調和されたミックスです。,experience:balance|experience:coolness|taste:acidity,クール|清涼感|調和|酸味,,,False,False,,False,,False,False,False,,,,False,False,
R0111,Tabu – Garnet Juice(ガーネットジュース)レビュー,https://cloud-jp.net/tabu-garnetjuice/,Tabu – Garnet Juice(ガーネットジュース)レビュー,グアバ,ミント,グアバ||ミント,ガーネットジュースは単体でも非常に完成度の高いフレーバーなので、単体で吸ったり、ミントとミックスして吸うのがおすすめです。,evaluation:positive,おすすめ,,,False,False,,False,,True,False,False,,,,False,False,
R0111,Tabu – Garnet Juice(ガーネットジュース)レビュー,https://cloud-jp.net/tabu-garnetjuice/,Tabu – Garnet Juice(ガーネットジュース)レビュー,グアバ,ミント,グアバ||ミント,ミックスの場合は、ガーネットジュースのフルーツのジューシー感を生かす形で、スイカやグアバ、キウィなどとミックスするのがおすすめです。,evaluation:positive|taste:fruity,おすすめ|ジューシー,,,False,False,,False,,True,False,False,,,,False,False,
R0168,旬-SHUN- GUAVA,https://cloud-jp.net/shun-guava/,旬-SHUN- GUAVA,グアバ,ミント,グアバ||ミント,・【Buta Tobacco】タイガ(50%)　+　【旬-shun-】グアバ(50%)　+　（お好みでミント）,,,,,True,False,,False,,False,False,False,,,,False,False,
R0062,MALAKI – Gum Cinnamon(ガムシナモン),https://cloud-jp.net/malaki-gumcinnamon/,MALAKI – Gum Cinnamon(ガムシナモン),ガムシナモン,バブルガム,ガムシナモン||バブルガム,MALAKI – Gum Cinnamon(ガムシナモン)の特徴,,,,,False,False,,True,^[^。！？!?]*の特徴$,False,False,False,,,,False,False,
R0062,MALAKI – Gum Cinnamon(ガムシナモン),https://cloud-jp.net/malaki-gumcinnamon/,MALAKI – Gum Cinnamon(ガムシナモン),ガムシナモン,バブルガム,ガムシナモン||バブルガム,MALAKI – Gum Cinnamon(ガムシナモン)のおすすめミックス,evaluation:positive,おすすめ,,,False,False,,True,^[^。！？!?]*おすすめ(?:の)?ミックス(?:・組み合わせ)?$,True,False,False,,,,False,False,
R0062,MALAKI – Gum Cinnamon(ガムシナモン),https://cloud-jp.net/malaki-gumcinnamon/,MALAKI – Gum Cinnamon(ガムシナモン),ガムシナモン,バブルガム,ガムシナモン||バブルガム,ガムシナモンは、清涼感あるガムとスパイスのシナモンのミックスフレーバーです。,experience:coolness|taste:spicy,スパイス|清涼感,,,False,False,,False,,False,False,False,,,,False,False,
R0062,MALAKI – Gum Cinnamon(ガムシナモン),https://cloud-jp.net/malaki-gumcinnamon/,MALAKI – Gum Cinnamon(ガムシナモン),ガムシナモン,バブルガム,ガムシナモン||バブルガム,バブルガムのような甘さは殆どないスッキリとしたガムで、他ブランドのガムと比較しても香り・味ともに輪郭がはっきりとしています。,experience:aroma,香り,,,False,False,,False,,False,False,False,,,,False,False,
R0062,MALAKI – Gum Cinnamon(ガムシナモン),https://cloud-jp.net/malaki-gumcinnamon/,MALAKI – Gum Cinnamon(ガムシナモン),ガムシナモン,バブルガム,ガムシナモン||バブルガム,・ガムシナモン×カルダモン×レバニーズボムシェル – スパイシーでフローラルなカルダモンとウッディな森林の香りを足したミックスです。,experience:aroma|taste:spicy,スパイシー|香り,,,False,False,,False,,False,False,False,,,,False,False,
R0062,MALAKI – Gum Cinnamon(ガムシナモン),https://cloud-jp.net/malaki-gumcinnamon/,MALAKI – Gum Cinnamon(ガムシナモン),ガムシナモン,バブルガム,ガムシナモン||バブルガム,・ガムシナモン×パンドラボックス×チェリー – チェリーの甘酸っぱさを足すことで、アメリカのお菓子のような面白い味わいを実現します。,,,,,False,False,,False,,False,False,True,action,足す,,False,False,
R0062,MALAKI – Gum Cinnamon(ガムシナモン),https://cloud-jp.net/malaki-gumcinnamon/,MALAKI – Gum Cinnamon(ガムシナモン),ガムシナモン,バブルガム,ガムシナモン||バブルガム,MALAKI – Gum Cinnamon(ガムシナモン)はCLOUD SHOPにてご購入いただけます！,,,,,False,False,,True,CLOUD SHOPにてご購入いただけます,False,False,False,,,,False,False,
R0125,DOZAJ – Gum(ガム)レビュー,https://cloud-jp.net/dozaj-gum/,DOZAJ – Gum(ガム)レビュー,ガムシナモン,バブルガム,ガムシナモン||バブルガム,他ブランドでガムシナモンやバブルガムのフレーバーは出回っていますが、ガム単体のフレーバーは意外と珍しいのではないでしょうか。,,,,,True,False,,False,,False,False,False,,,,False,False,
R0149,DOZAJ – Two Apple(トゥーアップル)レビュー,https://cloud-jp.net/dozaj-twoapple/,DOZAJ – Two Apple(トゥーアップル)レビュー,ツーアップル,リコリス,ツーアップル||リコリス,Two Appleはアニスとリコリスというハーブをミックスしたフレーバーで、名前にアップルとは付くものの林檎とは違った味わいがします。,,,,,True,False,,False,,False,False,False,,,,False,False,
R0149,DOZAJ – Two Apple(トゥーアップル)レビュー,https://cloud-jp.net/dozaj-twoapple/,DOZAJ – Two Apple(トゥーアップル)レビュー,ツーアップル,リコリス,ツーアップル||リコリス,DozajのTwo Appleの香りはべたべたに甘い濃厚なアニスと爽やかなリコリスが特徴的です。,experience:aroma|experience:coolness|taste:richness|taste:sweetness,濃厚|爽やか|甘い|香り,,,True,False,,False,,False,False,False,,,,False,False,
R0174,旬-SHUN- TWO APPLE,https://cloud-jp.net/shun-two-apple/,旬-SHUN- TWO APPLE,ツーアップル,リコリス,ツーアップル||リコリス,TWO APPLESのレビュー,,,,,False,False,,False,,False,False,False,,,,False,False,
R0174,旬-SHUN- TWO APPLE,https://cloud-jp.net/shun-two-apple/,旬-SHUN- TWO APPLE,ツーアップル,リコリス,ツーアップル||リコリス,TWO APPLESの味,,,,,False,False,,False,,False,False,False,,,,False,False,
R0174,旬-SHUN- TWO APPLE,https://cloud-jp.net/shun-two-apple/,旬-SHUN- TWO APPLE,ツーアップル,リコリス,ツーアップル||リコリス,TWO APPLESで作るとき,,,,,False,False,,False,,False,False,False,,,,False,False,
R0174,旬-SHUN- TWO APPLE,https://cloud-jp.net/shun-two-apple/,旬-SHUN- TWO APPLE,ツーアップル,リコリス,ツーアップル||リコリス,TWO APPLESを使ったおすすめミックス,evaluation:positive,おすすめ,,,False,False,,True,^[^。！？!?]*おすすめ(?:の)?ミックス(?:・組み合わせ)?$,True,False,False,,,,False,False,
R0174,旬-SHUN- TWO APPLE,https://cloud-jp.net/shun-two-apple/,旬-SHUN- TWO APPLE,ツーアップル,リコリス,ツーアップル||リコリス,リコリスやアニスのような好き嫌いの別れる香りはそこまで強く感じないです。,evaluation:positive|experience:aroma,好き|香り,,,False,False,,False,,True,False,False,,,,False,False,
R0174,旬-SHUN- TWO APPLE,https://cloud-jp.net/shun-two-apple/,旬-SHUN- TWO APPLE,ツーアップル,リコリス,ツーアップル||リコリス,・【Al Fakher】 ダブルアップル(50%)　＋　【旬-SHUN-】TWO APPLE(50%),,,,,False,False,,False,,False,False,False,,,,False,False,
R0149,DOZAJ – Two Apple(トゥーアップル)レビュー,https://cloud-jp.net/dozaj-twoapple/,DOZAJ – Two Apple(トゥーアップル)レビュー,ダブルアップル,ツーアップル,ダブルアップル||ツーアップル,Two Appleの特徴,,,,,False,False,,True,^[^。！？!?]*の特徴$,False,False,False,,,,False,False,
R0149,DOZAJ – Two Apple(トゥーアップル)レビュー,https://cloud-jp.net/dozaj-twoapple/,DOZAJ – Two Apple(トゥーアップル)レビュー,ダブルアップル,ツーアップル,ダブルアップル||ツーアップル,Two Appleを使ったおすすめミックス,evaluation:positive,おすすめ,,,False,False,,True,^[^。！？!?]*おすすめ(?:の)?ミックス(?:・組み合わせ)?$,True,False,False,,,,False,False,
R0149,DOZAJ – Two Apple(トゥーアップル)レビュー,https://cloud-jp.net/dozaj-twoapple/,DOZAJ – Two Apple(トゥーアップル)レビュー,ダブルアップル,ツーアップル,ダブルアップル||ツーアップル,Two Appleはアニスとリコリスというハーブをミックスしたフレーバーで、名前にアップルとは付くものの林檎とは違った味わいがします。,,,,,False,False,,False,,False,False,False,,,,False,False,
R0149,DOZAJ – Two Apple(トゥーアップル)レビュー,https://cloud-jp.net/dozaj-twoapple/,DOZAJ – Two Apple(トゥーアップル)レビュー,ダブルアップル,ツーアップル,ダブルアップル||ツーアップル,シーシャといえばダブルアップル、トゥーアップルが代名詞と言われがちですが、上述の通り林檎の味ではないので初心者向きではないと思います。,,,,,False,False,,False,,False,False,False,,,,False,False,
R0149,DOZAJ – Two Apple(トゥーアップル)レビュー,https://cloud-jp.net/dozaj-twoapple/,DOZAJ – Two Apple(トゥーアップル)レビュー,ダブルアップル,ツーアップル,ダブルアップル||ツーアップル,DozajのTwo Appleの香りはべたべたに甘い濃厚なアニスと爽やかなリコリスが特徴的です。,experience:aroma|experience:coolness|taste:richness|taste:sweetness,濃厚|爽やか|甘い|香り,,,False,False,,False,,False,False,False,,,,False,False,
R0149,DOZAJ – Two Apple(トゥーアップル)レビュー,https://cloud-jp.net/dozaj-twoapple/,DOZAJ – Two Apple(トゥーアップル)レビュー,ダブルアップル,ツーアップル,ダブルアップル||ツーアップル,(どのブランドのTwo Appleも火力が命だと考えます。,,,,,False,False,,False,,False,False,False,,,,False,False,
R0149,DOZAJ – Two Apple(トゥーアップル)レビュー,https://cloud-jp.net/dozaj-twoapple/,DOZAJ – Two Apple(トゥーアップル)レビュー,ダブルアップル,ツーアップル,ダブルアップル||ツーアップル,この作り方によって、アニスの濃厚な甘みが口いっぱいに広がり、Two Appleのポテンシャルを引き出すことができると思います。,taste:richness,濃厚,,,False,False,,False,,False,False,True,action,出す,,False,False,
R0149,DOZAJ – Two Apple(トゥーアップル)レビュー,https://cloud-jp.net/dozaj-twoapple/,DOZAJ – Two Apple(トゥーアップル)レビュー,ダブルアップル,ツーアップル,ダブルアップル||ツーアップル,Al fakherのTwo applesが素朴な味わいだとすれば、DozajのTwo Appleは重厚感のある味わいです。,,,,,False,False,,False,,False,False,False,,,,False,False,
R0149,DOZAJ – Two Apple(トゥーアップル)レビュー,https://cloud-jp.net/dozaj-twoapple/,DOZAJ – Two Apple(トゥーアップル)レビュー,ダブルアップル,ツーアップル,ダブルアップル||ツーアップル,Two Appleは基本的に単体で吸うほうが、その味わいをしっかりと感じれますので単体吸い推奨です。,,,,,False,False,,False,,False,False,False,,,,False,False,
R0149,DOZAJ – Two Apple(トゥーアップル)レビュー,https://cloud-jp.net/dozaj-twoapple/,DOZAJ – Two Apple(トゥーアップル)レビュー,ダブルアップル,ツーアップル,ダブルアップル||ツーアップル,慣れてない方やTwo Appleをアクセントとして使いたい場合にはグレープフルーツやグアバ、ペアーあたりが良いのではないでしょうか。,,,evaluation:positive,良い,False,False,,False,,False,True,False,,,,False,False,
R0149,DOZAJ – Two Apple(トゥーアップル)レビュー,https://cloud-jp.net/dozaj-twoapple/,DOZAJ – Two Apple(トゥーアップル)レビュー,ダブルアップル,ツーアップル,ダブルアップル||ツーアップル,DOZAJ(ドザジ) – Two Apple(トゥーアップル)はCLOUD SHOPにてご購入いただけます！,,,,,False,False,,True,CLOUD SHOPにてご購入いただけます,False,False,False,,,,False,False,
R0174,旬-SHUN- TWO APPLE,https://cloud-jp.net/shun-two-apple/,旬-SHUN- TWO APPLE,ダブルアップル,ツーアップル,ダブルアップル||ツーアップル,・【Al Fakher】 ダブルアップル(50%)　＋　【旬-SHUN-】TWO APPLE(50%),,,,,True,False,,False,,False,False,False,,,,False,False,
R0047,MALAKI – Grape Mint(グレープミント),https://cloud-jp.net/malaki-grapemint/,MALAKI – Grape Mint(グレープミント),グレープ,グレープミント,グレープ||グレープミント,MALAKI – Grape Mint(グレープミント)の特徴,,,,,True,False,,True,^[^。！？!?]*の特徴$,False,False,False,,,,True,True,グレープ is contained in グレープミント
R0047,MALAKI – Grape Mint(グレープミント),https://cloud-jp.net/malaki-grapemint/,MALAKI – Grape Mint(グレープミント),グレープ,グレープミント,グレープ||グレープミント,MALAKI – Grape Mint(グレープミント)のおすすめミックス,evaluation:positive,おすすめ,,,True,False,,True,^[^。！？!?]*おすすめ(?:の)?ミックス(?:・組み合わせ)?$,True,False,False,,,,True,True,グレープ is contained in グレープミント
R0047,MALAKI – Grape Mint(グレープミント),https://cloud-jp.net/malaki-grapemint/,MALAKI – Grape Mint(グレープミント),グレープ,グレープミント,グレープ||グレープミント,・グレープミント×キウイフルーツ – キウイフルーツのフルーティーで甘い香りがグレープと非常に相性良く、かつミントの清涼感もしっかりと感じられます。,experience:aroma|experience:balance|experience:coolness|taste:fruity|taste:sweetness,フルーティ|清涼感|甘い|相性|香り,,,True,False,,False,,False,False,False,,,,True,True,グレープ is contained in グレープミント
R0047,MALAKI – Grape Mint(グレープミント),https://cloud-jp.net/malaki-grapemint/,MALAKI – Grape Mint(グレープミント),グレープ,グレープミント,グレープ||グレープミント,MALAKI – Grape Mint(グレープミント)はCLOUD SHOPにてご購入いただけます！,,,,,True,False,,True,CLOUD SHOPにてご購入いただけます,False,False,False,,,,True,True,グレープ is contained in グレープミント
R0070,DOZAJ – Grape(グレープ)レビュー,https://cloud-jp.net/dozaj-grape/,DOZAJ – Grape(グレープ)レビュー,グレープ,グレープミント,グレープ||グレープミント,DOZAJ – Grape(グレープ)の特徴,,,,,False,False,,True,^[^。！？!?]*の特徴$,False,False,False,,,,True,True,グレープ is contained in グレープミント
R0070,DOZAJ – Grape(グレープ)レビュー,https://cloud-jp.net/dozaj-grape/,DOZAJ – Grape(グレープ)レビュー,グレープ,グレープミント,グレープ||グレープミント,DOZAJ – Grape(グレープ)のおすすめミックス,evaluation:positive,おすすめ,,,False,False,,True,^[^。！？!?]*おすすめ(?:の)?ミックス(?:・組み合わせ)?$,True,False,False,,,,True,True,グレープ is contained in グレープミント
R0070,DOZAJ – Grape(グレープ)レビュー,https://cloud-jp.net/dozaj-grape/,DOZAJ – Grape(グレープ)レビュー,グレープ,グレープミント,グレープ||グレープミント,グレープはAl Fakherのグレープと非常に近く、完成度の高いグレープフレーバーです。,,,,,False,False,,False,,False,False,False,,,,True,True,グレープ is contained in グレープミント
R0070,DOZAJ – Grape(グレープ)レビュー,https://cloud-jp.net/dozaj-grape/,DOZAJ – Grape(グレープ)レビュー,グレープ,グレープミント,グレープ||グレープミント,この辺りの特徴もAFと非常に似ていますが、中温でも甘さがしっかり出るという点でDozajのグレープは扱いやすい印象を受けます。,,,,,False,False,,False,,False,False,False,,,,True,True,グレープ is contained in グレープミント
R0070,DOZAJ – Grape(グレープ)レビュー,https://cloud-jp.net/dozaj-grape/,DOZAJ – Grape(グレープ)レビュー,グレープ,グレープミント,グレープ||グレープミント,全体として、自然な甘さのグレープが再現されています。,,,,,False,False,,False,,False,False,False,,,,True,True,グレープ is contained in グレープミント
R0070,DOZAJ – Grape(グレープ)レビュー,https://cloud-jp.net/dozaj-grape/,DOZAJ – Grape(グレープ)レビュー,グレープ,グレープミント,グレープ||グレープミント,Grape(グレープ)のおすすめミックス,evaluation:positive,おすすめ,,,False,False,,True,^[^。！？!?]*おすすめ(?:の)?ミックス(?:・組み合わせ)?$,True,False,False,,,,True,True,グレープ is contained in グレープミント
R0070,DOZAJ – Grape(グレープ)レビュー,https://cloud-jp.net/dozaj-grape/,DOZAJ – Grape(グレープ)レビュー,グレープ,グレープミント,グレープ||グレープミント,シンプルなグレープのミックスを考えてみました。,,,,,False,False,,False,,False,False,False,,,,True,True,グレープ is contained in グレープミント
R0070,DOZAJ – Grape(グレープ)レビュー,https://cloud-jp.net/dozaj-grape/,DOZAJ – Grape(グレープ)レビュー,グレープ,グレープミント,グレープ||グレープミント,・グレープ×キウイフルーツ×パッションフルーツ – グレープの甘さを引き立たせるスッキリ甘いフルーツとのミックス。,taste:sweetness,甘い,,,False,False,,False,,False,False,False,,,,True,True,グレープ is contained in グレープミント
R0070,DOZAJ – Grape(グレープ)レビュー,https://cloud-jp.net/dozaj-grape/,DOZAJ – Grape(グレープ)レビュー,グレープ,グレープミント,グレープ||グレープミント,・グレープ×ライム×ミント – スッキリとグレープを楽しみたい方に向けたミックス。,,,,,False,False,,False,,False,False,False,,,,True,True,グレープ is contained in グレープミント
R0070,DOZAJ – Grape(グレープ)レビュー,https://cloud-jp.net/dozaj-grape/,DOZAJ – Grape(グレープ)レビュー,グレープ,グレープミント,グレープ||グレープミント,いつものグレープミントにライムをちょい足しで味に深みが出ます。,taste:richness,深み,,,False,False,,False,,False,False,False,,,,True,True,グレープ is contained in グレープミント
R0070,DOZAJ – Grape(グレープ)レビュー,https://cloud-jp.net/dozaj-grape/,DOZAJ – Grape(グレープ)レビュー,グレープ,グレープミント,グレープ||グレープミント,Grape(グレープ)はCLOUD SHOPにてご購入いただけます！,,,,,False,False,,True,CLOUD SHOPにてご購入いただけます,False,False,False,,,,True,True,グレープ is contained in グレープミント
R0054,MALAKI – Amazon(アマゾン),https://cloud-jp.net/malaki-amazon/,MALAKI – Amazon(アマゾン),カルダモン,チェリー,カルダモン||チェリー,癖の少ないグアバやキウイフルーツの甘み、苦味、チェリーのような酸味、メインの印象で、カルダモンのようなスパイシーさも若干感じられます。,taste:acidity|taste:bitterness|taste:spicy,スパイシー|苦味|酸味,,,True,False,,False,,False,False,False,,,,False,False,
R0062,MALAKI – Gum Cinnamon(ガムシナモン),https://cloud-jp.net/malaki-gumcinnamon/,MALAKI – Gum Cinnamon(ガムシナモン),カルダモン,チェリー,カルダモン||チェリー,・ガムシナモン×カルダモン×レバニーズボムシェル – スパイシーでフローラルなカルダモンとウッディな森林の香りを足したミックスです。,experience:aroma|taste:spicy,スパイシー|香り,,,False,False,,False,,False,False,False,,,,False,False,
R0062,MALAKI – Gum Cinnamon(ガムシナモン),https://cloud-jp.net/malaki-gumcinnamon/,MALAKI – Gum Cinnamon(ガムシナモン),カルダモン,チェリー,カルダモン||チェリー,・ガムシナモン×パンドラボックス×チェリー – チェリーの甘酸っぱさを足すことで、アメリカのお菓子のような面白い味わいを実現します。,,,,,False,False,,False,,False,False,True,action,足す,,False,False,
R0073,DOZAJ – Banana(バナナ)レビュー,https://cloud-jp.net/dozaj-banana/,DOZAJ – Banana(バナナ)レビュー,キウイ,ピーチ,キウイ||ピーチ,・バナナ×ピーチ×キウイ×オレンジ – ミックスジュース風のミックス。,,,,,True,True,ピーチ×キウイ,False,,False,False,False,,,,False,False,
R0181,ICE ROCKZ MixedFruits(ミックスフルーツ)レビュー,https://cloud-jp.net/icerockz-mixedfruits/,ICE ROCKZ MixedFruits(ミックスフルーツ)レビュー,キウイ,ピーチ,キウイ||ピーチ,ICE ROCKZ MixedFruits(ミックスフルーツ)は、ミックスフルーツフレーバーなので、アップルやライチ、キウイ、レモン、ピーチなどの幅広いフルーツ系フレーバーとのミックスで力を発揮します。,,,,,True,False,,False,,False,False,False,,,,False,False,
R0041,MALAKI – Double Apple Mint(ダブルアップルミント),https://cloud-jp.net/malaki-doubleapplemint/,MALAKI – Double Apple Mint(ダブルアップルミント),ゴールデンデリシャスアップル,ダブルアップル,ゴールデンデリシャスアップル||ダブルアップル,ダブルアップルミントは爽やかなダブルアップルとミントのミックスフレーバーです。,experience:coolness,爽やか,,,False,False,,False,,False,False,False,,,,False,False,
R0041,MALAKI – Double Apple Mint(ダブルアップルミント),https://cloud-jp.net/malaki-doubleapplemint/,MALAKI – Double Apple Mint(ダブルアップルミント),ゴールデンデリシャスアップル,ダブルアップル,ゴールデンデリシャスアップル||ダブルアップル,ダブルアップルの部分は、アルファーヘル・ドザジ系統のアニスの甘さが蜜のようにガツンとくるタイプというよりは爽やかな香りと甘みがうまく調和した甘さが特徴です。,experience:aroma|experience:balance|experience:coolness|taste:sweetness,爽やか|蜜|調和|香り,,,False,False,,False,,False,False,False,,,,False,False,
R0041,MALAKI – Double Apple Mint(ダブルアップルミント),https://cloud-jp.net/malaki-doubleapplemint/,MALAKI – Double Apple Mint(ダブルアップルミント),ゴールデンデリシャスアップル,ダブルアップル,ゴールデンデリシャスアップル||ダブルアップル,温度を高くするとダブルアップルの甘さは強まりますが、ミントの出方が不安定になる印象です。,,,,,False,False,,False,,False,False,False,,,,False,False,
R0041,MALAKI – Double Apple Mint(ダブルアップルミント),https://cloud-jp.net/malaki-doubleapplemint/,MALAKI – Double Apple Mint(ダブルアップルミント),ゴールデンデリシャスアップル,ダブルアップル,ゴールデンデリシャスアップル||ダブルアップル,シンプルにダブルアップルの香りと清涼感をさらに楽しめるミックスを考えました。,experience:aroma|experience:coolness,清涼感|香り,,,False,False,,False,,False,False,False,,,,False,False,
R0041,MALAKI – Double Apple Mint(ダブルアップルミント),https://cloud-jp.net/malaki-doubleapplemint/,MALAKI – Double Apple Mint(ダブルアップルミント),ゴールデンデリシャスアップル,ダブルアップル,ゴールデンデリシャスアップル||ダブルアップル,・ダブルアップルミント×バニラ×ゴールデンデリシャスアップル – リンゴのスムージー風に、甘さを活かしつつミントの清涼感でまとめるミックスです。,experience:coolness,清涼感,,,False,False,,False,,False,False,True,action,まとめる,,False,False,
R0065,MALAKI – Double Apple(ダブルアップル),https://cloud-jp.net/malaki-doubleapple/,MALAKI – Double Apple(ダブルアップル),ゴールデンデリシャスアップル,ダブルアップル,ゴールデンデリシャスアップル||ダブルアップル,・ダブルアップル×ゴールデンデリシャスアップル×グアバ – 青リンゴの熟し切っていない甘さとグアバの風味がリコリスの風味をしっかりと引き立てます。,,,,,True,True,ダブルアップル×ゴールデンデリシャスアップル,False,,False,False,False,,,,False,False,
R0066,DOZAJ – Quience(クインス)レビュー,https://cloud-jp.net/dozaj-quience/,DOZAJ – Quience(クインス)レビュー,ジャスミン,ダブルアップル,ジャスミン||ダブルアップル,・クインス×ダブルアップル×ジャスミン – 甘みも華やかさもバッチリと出ます。,,,,,True,True,ダブルアップル×ジャスミン,False,,False,False,False,,,,False,False,
R0162,TROY ANISE(アニス) レビュー,https://cloud-jp.net/troy-anise/,TROY ANISE(アニス) レビュー,ジャスミン,ダブルアップル,ジャスミン||ダブルアップル,TROY Aniseはダブルアップルの主原料として有名なアニスを再現したフレーバーになります。,,,,,False,False,,False,,False,False,False,,,,False,False,
R0162,TROY ANISE(アニス) レビュー,https://cloud-jp.net/troy-anise/,TROY ANISE(アニス) レビュー,ジャスミン,ダブルアップル,ジャスミン||ダブルアップル,味のイメージとしてはDozajのダブルアップルに近いと思います。,,,,,False,False,,False,,False,False,False,,,,False,False,
R0162,TROY ANISE(アニス) レビュー,https://cloud-jp.net/troy-anise/,TROY ANISE(アニス) レビュー,ジャスミン,ダブルアップル,ジャスミン||ダブルアップル,(個人的にはダブルアップルは高火力でも吸えるのですが、アニスに関してはちょっとしんどかったです。,,,,,False,False,,False,,False,False,False,,,,False,False,
R0162,TROY ANISE(アニス) レビュー,https://cloud-jp.net/troy-anise/,TROY ANISE(アニス) レビュー,ジャスミン,ダブルアップル,ジャスミン||ダブルアップル,個人的にフローラル系のTrifecta DarkのラベンダーミントやDozaj ジャスミン、Al fakher　ローズあたりが相性いいと思います。,experience:balance,相性,,,False,False,,False,,False,False,False,,,,False,False,
R0091,TROY – Banana Milk(バナナミルク)レビュー,https://cloud-jp.net/troy-bananamilk/,TROY – Banana Milk(バナナミルク)レビュー,ビスケット,ミルク,ビスケット||ミルク,TROY – Banana Milk(バナナミルク)の特徴,,,,,False,False,,True,^[^。！？!?]*の特徴$,False,False,False,,,,False,False,
R0091,TROY – Banana Milk(バナナミルク)レビュー,https://cloud-jp.net/troy-bananamilk/,TROY – Banana Milk(バナナミルク)レビュー,ビスケット,ミルク,ビスケット||ミルク,TROY – Banana Milk(バナナミルク)のおすすめミックス,evaluation:positive,おすすめ,,,False,False,,True,^[^。！？!?]*おすすめ(?:の)?ミックス(?:・組み合わせ)?$,True,False,False,,,,False,False,
R0091,TROY – Banana Milk(バナナミルク)レビュー,https://cloud-jp.net/troy-bananamilk/,TROY – Banana Milk(バナナミルク)レビュー,ビスケット,ミルク,ビスケット||ミルク,濃厚なバナナの甘い香りに、ミルクのクリーミーな甘味がミックスされたフレーバー。,experience:aroma|taste:richness|taste:sweetness,濃厚|甘い|香り,,,False,False,,False,,False,False,False,,,,False,False,
R0091,TROY – Banana Milk(バナナミルク)レビュー,https://cloud-jp.net/troy-bananamilk/,TROY – Banana Milk(バナナミルク)レビュー,ビスケット,ミルク,ビスケット||ミルク,バナナの甘味と若干の渋みのようなものがとてもよく再現されており、その甘みをミルクで加速させているような印象です。,,,,,False,False,,False,,False,False,False,,,,False,False,
R0091,TROY – Banana Milk(バナナミルク)レビュー,https://cloud-jp.net/troy-bananamilk/,TROY – Banana Milk(バナナミルク)レビュー,ビスケット,ミルク,ビスケット||ミルク,また、ビスケットのような生地感も感じられます。,,,,,False,False,,False,,False,False,False,,,,False,False,
R0154,TROY – LEMON BISCUIT(レモンビスケット)レビュー,https://cloud-jp.net/troy-lemonbiscuit/,TROY – LEMON BISCUIT(レモンビスケット)レビュー,ビスケット,ミルク,ビスケット||ミルク,TROY Lemon Biscuitをつかったおすすめのミックスは、フレッシュなレモンの風味を生かしてハニーミルクなどの甘いフレーバーで優しく包み込んだり、,evaluation:positive|taste:sweetness,おすすめ|甘い,,,True,False,,True,おすすめのミックス,True,False,False,,,,False,False,
R0067,DOZAJ – Fig(フィグ)レビュー,https://cloud-jp.net/dozaj-fig/,DOZAJ – Fig(フィグ)レビュー,ココナッツ,ハニー,ココナッツ||ハニー,・フィグ×ハニー×ココナッツ – イチジクの甘さとココナッツの甘さがうまくマッチします。,,,,,True,True,ハニー×ココナッツ,False,,False,False,False,,,,False,False,
R0074,DOZAJ – Ginger Coconuts(ジンジャーココナッツ)レビュー,https://cloud-jp.net/dozaj-gingercoconuts/,DOZAJ – Ginger Coconuts(ジンジャーココナッツ)レビュー,ココナッツ,ハニー,ココナッツ||ハニー,ジンジャーココナッツは、その名の通り、ジンジャーとココナッツのミックスフレーバーです。,,,,,False,False,,False,,False,False,False,,,,False,False,
R0074,DOZAJ – Ginger Coconuts(ジンジャーココナッツ)レビュー,https://cloud-jp.net/dozaj-gingercoconuts/,DOZAJ – Ginger Coconuts(ジンジャーココナッツ)レビュー,ココナッツ,ハニー,ココナッツ||ハニー,ココナッツの甘みとピリッとしたジンジャーが上手く共存し、喉にしっかりとスパイス感が伝わります。,taste:spicy,スパイス,,,False,False,,False,,False,False,False,,,,False,False,
R0074,DOZAJ – Ginger Coconuts(ジンジャーココナッツ)レビュー,https://cloud-jp.net/dozaj-gingercoconuts/,DOZAJ – Ginger Coconuts(ジンジャーココナッツ)レビュー,ココナッツ,ハニー,ココナッツ||ハニー,時間の経過とともに、ジンジャーは落ち着き、ココナッツの主張が強くなります。,,,,,False,False,,False,,False,False,False,,,,False,False,
R0074,DOZAJ – Ginger Coconuts(ジンジャーココナッツ)レビュー,https://cloud-jp.net/dozaj-gingercoconuts/,DOZAJ – Ginger Coconuts(ジンジャーココナッツ)レビュー,ココナッツ,ハニー,ココナッツ||ハニー,ココナッツは、Al Fakherに近いシンプルなココナッツです。,,,,,False,False,,False,,False,False,False,,,,False,False,
R0074,DOZAJ – Ginger Coconuts(ジンジャーココナッツ)レビュー,https://cloud-jp.net/dozaj-gingercoconuts/,DOZAJ – Ginger Coconuts(ジンジャーココナッツ)レビュー,ココナッツ,ハニー,ココナッツ||ハニー,甘みとココナッツの風味がしっかりと感じられます。,,,,,False,False,,False,,False,False,False,,,,False,False,
R0074,DOZAJ – Ginger Coconuts(ジンジャーココナッツ)レビュー,https://cloud-jp.net/dozaj-gingercoconuts/,DOZAJ – Ginger Coconuts(ジンジャーココナッツ)レビュー,ココナッツ,ハニー,ココナッツ||ハニー,ピリッとしたジンジャーとココナッツの甘みを活かすミックスを考えてみました。,,,,,False,False,,False,,False,False,False,,,,False,False,
R0074,DOZAJ – Ginger Coconuts(ジンジャーココナッツ)レビュー,https://cloud-jp.net/dozaj-gingercoconuts/,DOZAJ – Ginger Coconuts(ジンジャーココナッツ)レビュー,ココナッツ,ハニー,ココナッツ||ハニー,・ジンジャーココナッツ×バニラ×ハニー – 甘さを前面に出しつつ、ピリッとしたジンジャーが後味をまとめてくれます。,,,,,False,False,,False,,False,False,False,,,,False,False,
R0004,【レビュー】BONCHE（ボンチェ）Lycheeライチの評価は？最高級シガーリーフの魅力を徹底解説,https://cloud-jp.net/bonche-lychee/,【レビュー】BONCHE（ボンチェ）Lycheeライチの評価は？最高級シガーリーフの魅力を徹底解説,シガー,チョコレート,シガー||チョコレート,」「シガーリーフとフルーツの相性は？,experience:balance,相性,,,False,False,,False,,False,False,False,,,,False,False,
R0004,【レビュー】BONCHE（ボンチェ）Lycheeライチの評価は？最高級シガーリーフの魅力を徹底解説,https://cloud-jp.net/bonche-lychee/,【レビュー】BONCHE（ボンチェ）Lycheeライチの評価は？最高級シガーリーフの魅力を徹底解説,シガー,チョコレート,シガー||チョコレート,BONCHEは、ロシアのシーシャ市場において「シガー文化とシーシャ文化の融合」を最高レベルで実現したブランドです。,evaluation:positive,最高,,,False,False,,False,,True,False,False,,,,False,False,
R0004,【レビュー】BONCHE（ボンチェ）Lycheeライチの評価は？最高級シガーリーフの魅力を徹底解説,https://cloud-jp.net/bonche-lychee/,【レビュー】BONCHE（ボンチェ）Lycheeライチの評価は？最高級シガーリーフの魅力を徹底解説,シガー,チョコレート,シガー||チョコレート,: 他のダークリーフが力強さを売りにするのに対し、BONCHEは「洗練された、シルキーなシガー感」が最大の特徴です。,,,,,False,False,,False,,False,False,False,,,,False,False,
R0004,【レビュー】BONCHE（ボンチェ）Lycheeライチの評価は？最高級シガーリーフの魅力を徹底解説,https://cloud-jp.net/bonche-lychee/,【レビュー】BONCHE（ボンチェ）Lycheeライチの評価は？最高級シガーリーフの魅力を徹底解説,シガー,チョコレート,シガー||チョコレート,: 吸い始めの20〜30分はフレーバーの香りが際立ち、その後ゆっくりとシガー葉本来の旨味が表に出てくる、奥深い体験を提供します。,experience:aroma,香り,,,False,False,,False,,False,False,False,,,,False,False,
R0004,【レビュー】BONCHE（ボンチェ）Lycheeライチの評価は？最高級シガーリーフの魅力を徹底解説,https://cloud-jp.net/bonche-lychee/,【レビュー】BONCHE（ボンチェ）Lycheeライチの評価は？最高級シガーリーフの魅力を徹底解説,シガー,チョコレート,シガー||チョコレート,BONCHEの「ライチ」は、フルーツのフレッシュさとシガーの重厚感が完璧に調和した銘柄です。,experience:balance,調和,,,False,False,,False,,False,False,False,,,,False,False,
R0004,【レビュー】BONCHE（ボンチェ）Lycheeライチの評価は？最高級シガーリーフの魅力を徹底解説,https://cloud-jp.net/bonche-lychee/,【レビュー】BONCHE（ボンチェ）Lycheeライチの評価は？最高級シガーリーフの魅力を徹底解説,シガー,チョコレート,シガー||チョコレート,シガーとの調和,experience:balance,調和,,,False,False,,False,,False,False,False,,,,False,False,
R0004,【レビュー】BONCHE（ボンチェ）Lycheeライチの評価は？最高級シガーリーフの魅力を徹底解説,https://cloud-jp.net/bonche-lychee/,【レビュー】BONCHE（ボンチェ）Lycheeライチの評価は？最高級シガーリーフの魅力を徹底解説,シガー,チョコレート,シガー||チョコレート,: ライチ特有のみずみずしい香りが、ベースとなるシガー葉のナッツのような香ばしさやチョコレートのようなコクをより一層引き立てます。,experience:aroma|taste:richness,コク|香り,,,False,False,,False,,False,False,False,,,,False,False,
R0004,【レビュー】BONCHE（ボンチェ）Lycheeライチの評価は？最高級シガーリーフの魅力を徹底解説,https://cloud-jp.net/bonche-lychee/,【レビュー】BONCHE（ボンチェ）Lycheeライチの評価は？最高級シガーリーフの魅力を徹底解説,シガー,チョコレート,シガー||チョコレート,本物のシガーフレーバーの洗練を味わいたいなら、まずはこの「ライチ」から試してみるのが間違いない選択と言えるでしょう。,,,,,False,False,,False,,False,False,False,,,,False,False,
R0004,【レビュー】BONCHE（ボンチェ）Lycheeライチの評価は？最高級シガーリーフの魅力を徹底解説,https://cloud-jp.net/bonche-lychee/,【レビュー】BONCHE（ボンチェ）Lycheeライチの評価は？最高級シガーリーフの魅力を徹底解説,シガー,チョコレート,シガー||チョコレート,そんな疑問を持つシーシャ愛好家に向けて、世界中のプロが「究極のシガーフレーバー」の一つとして挙げるBoncheを徹底解説します。,,,,,False,False,,False,,False,False,False,,,,False,False,
R0006,【レビュー】BONCHE（ボンチェ）Baseの評価は？シガーリーフ本来の旨味を徹底解説,https://cloud-jp.net/bonche-base/,【レビュー】BONCHE（ボンチェ）Baseの評価は？シガーリーフ本来の旨味を徹底解説,シガー,チョコレート,シガー||チョコレート,: チョコレートのようなダークな甘み、ナッツのような香ばしさ、そして上質なシガー特有の深みのあるコクが重なり合います。,taste:richness,コク|深み,,,True,False,,False,,False,False,False,,,,False,False,
R0084,TROY – Ice Blueberry(アイスブルーベリー)レビュー,https://cloud-jp.net/troy-iceblueberry/,TROY – Ice Blueberry(アイスブルーベリー)レビュー,ブルーベリー,ベリー,ブルーベリー||ベリー,TROY – Ice Blueberry(アイスブルーベリー)の特徴,,,,,True,False,,True,^[^。！？!?]*の特徴$,False,False,False,,,,True,True,ベリー is contained in ブルーベリー
R0084,TROY – Ice Blueberry(アイスブルーベリー)レビュー,https://cloud-jp.net/troy-iceblueberry/,TROY – Ice Blueberry(アイスブルーベリー)レビュー,ブルーベリー,ベリー,ブルーベリー||ベリー,TROY – Ice Blueberry(アイスブルーベリー)のおすすめミックス,evaluation:positive,おすすめ,,,True,False,,True,^[^。！？!?]*おすすめ(?:の)?ミックス(?:・組み合わせ)?$,True,False,False,,,,True,True,ベリー is contained in ブルーベリー
R0159,TROY – BLUE GUAVA(ブルーグアバ)レビュー,https://cloud-jp.net/troy-blueguava/,TROY – BLUE GUAVA(ブルーグアバ)レビュー,ブルーベリー,ベリー,ブルーベリー||ベリー,Blue Guavaはブルーベリー系のフレーバーとなります。,,,,,False,False,,False,,False,False,False,,,,True,True,ベリー is contained in ブルーベリー
R0159,TROY – BLUE GUAVA(ブルーグアバ)レビュー,https://cloud-jp.net/troy-blueguava/,TROY – BLUE GUAVA(ブルーグアバ)レビュー,ブルーベリー,ベリー,ブルーベリー||ベリー,香りとしてはすっきりとしたブルーベリーの香りにグァバの甘みが後追いしてくるような味わいです。,experience:aroma,香り,,,False,False,,False,,False,False,False,,,,True,True,ベリー is contained in ブルーベリー
R0159,TROY – BLUE GUAVA(ブルーグアバ)レビュー,https://cloud-jp.net/troy-blueguava/,TROY – BLUE GUAVA(ブルーグアバ)レビュー,ブルーベリー,ベリー,ブルーベリー||ベリー,立ち上げ当初はブルーベリーの香りがメインのように感じました。,experience:aroma,香り,,,False,False,,False,,False,False,False,,,,True,True,ベリー is contained in ブルーベリー
R0003,【レビュー】BONCHE（ボンチェ）Cherry（チェリー）の評価は？シガー葉が引き立てる「種」の芳醇さ,https://cloud-jp.net/bonche-cherry/,【レビュー】BONCHE（ボンチェ）Cherry（チェリー）の評価は？シガー葉が引き立てる「種」の芳醇さ,コニャック,シガー,コニャック||シガー,: 香料で味を上書きするのではなく、シガー葉が持つ本来の香りを「補完」し、引き立てる製法が取られています。,experience:aroma,香り,,,False,False,,False,,False,False,False,,,,False,False,
R0003,【レビュー】BONCHE（ボンチェ）Cherry（チェリー）の評価は？シガー葉が引き立てる「種」の芳醇さ,https://cloud-jp.net/bonche-cherry/,【レビュー】BONCHE（ボンチェ）Cherry（チェリー）の評価は？シガー葉が引き立てる「種」の芳醇さ,コニャック,シガー,コニャック||シガー,: 吸い始めの20〜30分はフレーバーの香りが際立ち、その後ゆっくりとシガー葉のベースが表に出てくる、時間経過による変化を楽しめます。,experience:aroma,香り,,,False,False,,False,,False,False,False,,,,False,False,
R0003,【レビュー】BONCHE（ボンチェ）Cherry（チェリー）の評価は？シガー葉が引き立てる「種」の芳醇さ,https://cloud-jp.net/bonche-cherry/,【レビュー】BONCHE（ボンチェ）Cherry（チェリー）の評価は？シガー葉が引き立てる「種」の芳醇さ,コニャック,シガー,コニャック||シガー,: シガー葉の持つチョコレートのようなダークなコクが、チェリーの酸味やわずかな渋みと重なり、非常に重厚感のある味わいを生み出します。,taste:acidity|taste:richness,コク|酸味,,,False,False,,False,,False,False,False,,,,False,False,
R0003,【レビュー】BONCHE（ボンチェ）Cherry（チェリー）の評価は？シガー葉が引き立てる「種」の芳醇さ,https://cloud-jp.net/bonche-cherry/,【レビュー】BONCHE（ボンチェ）Cherry（チェリー）の評価は？シガー葉が引き立てる「種」の芳醇さ,コニャック,シガー,コニャック||シガー,特に種（ピット）の感じがしっかりしており、シガーベースとの相性も良い。,evaluation:positive|experience:balance,相性|良い,,,False,False,,False,,True,False,False,,,,False,False,
R0003,【レビュー】BONCHE（ボンチェ）Cherry（チェリー）の評価は？シガー葉が引き立てる「種」の芳醇さ,https://cloud-jp.net/bonche-cherry/,【レビュー】BONCHE（ボンチェ）Cherry（チェリー）の評価は？シガー葉が引き立てる「種」の芳醇さ,コニャック,シガー,コニャック||シガー,: 単体でも面白いですが、ベリー系やコニャックなどの洋酒系と合わせることで、さらに高級感のあるミックスへと昇華させることができます。,,,,,False,False,,False,,False,False,False,,,,False,False,
R0003,【レビュー】BONCHE（ボンチェ）Cherry（チェリー）の評価は？シガー葉が引き立てる「種」の芳醇さ,https://cloud-jp.net/bonche-cherry/,【レビュー】BONCHE（ボンチェ）Cherry（チェリー）の評価は？シガー葉が引き立てる「種」の芳醇さ,コニャック,シガー,コニャック||シガー,シガーリーフの深いコクと、芳醇なチェリーの香り。,experience:aroma|taste:richness,コク|香り,,,False,False,,False,,False,False,False,,,,False,False,
R0003,【レビュー】BONCHE（ボンチェ）Cherry（チェリー）の評価は？シガー葉が引き立てる「種」の芳醇さ,https://cloud-jp.net/bonche-cherry/,【レビュー】BONCHE（ボンチェ）Cherry（チェリー）の評価は？シガー葉が引き立てる「種」の芳醇さ,コニャック,シガー,コニャック||シガー,そんな疑問を持つシーシャ愛好家に向けて、世界中のプロが「究極のシガーフレーバー」の一つとして挙げるBoncheを徹底解説します。,,,,,False,False,,False,,False,False,False,,,,False,False,
R0035,MALAKI – Wild(ワイルド),https://cloud-jp.net/malaki-wild/,MALAKI – Wild(ワイルド),コニャック,シガー,コニャック||シガー,全体の味としては、シガー（ソーシャルスモーク）に近く、モッタリ感とスモーキーさの主張が強いです。,experience:heaviness,強い,,,False,False,,False,,False,False,False,,,,False,False,
R0035,MALAKI – Wild(ワイルド),https://cloud-jp.net/malaki-wild/,MALAKI – Wild(ワイルド),コニャック,シガー,コニャック||シガー,・ワイルド×バニラ×コニャック – 甘さとスモーキーな香りを重ねて上品な香りを楽しむミックス。,experience:aroma,香り,,,False,False,,False,,False,False,False,,,,False,False,
R0133,DOZAJ – Coconut(ココナッツ)レビュー,https://cloud-jp.net/dozaj-coconut/,DOZAJ – Coconut(ココナッツ)レビュー,ピーチ,マンゴー,ピーチ||マンゴー,ピーチやマンゴー、グアバあたりも南国感が一気に増して美味しいです。,evaluation:positive,美味しい,,,True,False,,False,,True,False,False,,,,False,False,
R0169,旬-SHUN- MELON,https://cloud-jp.net/shun-melon/,旬-SHUN- MELON,ピーチ,マンゴー,ピーチ||マンゴー,他にもピーチやマンゴーなどのまったりとした甘味が特徴のフレーバーと合わせても非常にマッチした仕上がりになります。,,,,,True,False,,False,,False,False,False,,,,False,False,
R0037,MALAKI – Velvet(ベルベット),https://cloud-jp.net/malaki-velvet/,MALAKI – Velvet(ベルベット),アールグレイ,キャラメル,アールグレイ||キャラメル,甘みが強く、キャラメルとナッツ、そしてミルクの香りを感じられます。,experience:aroma,香り,,,False,False,,False,,False,False,False,,,,False,False,
R0037,MALAKI – Velvet(ベルベット),https://cloud-jp.net/malaki-velvet/,MALAKI – Velvet(ベルベット),アールグレイ,キャラメル,アールグレイ||キャラメル,最初に感じるのはキャラメルとナッツのもったりとした甘さです。,,,,,False,False,,False,,False,False,False,,,,False,False,
R0037,MALAKI – Velvet(ベルベット),https://cloud-jp.net/malaki-velvet/,MALAKI – Velvet(ベルベット),アールグレイ,キャラメル,アールグレイ||キャラメル,・ワイルド×ナワール×アールグレイ – お花と紅茶の香りを足して、ワイルドがいつものいい香りの後味をまとめてくれます。,experience:aroma,香り,,,False,False,,False,,False,False,False,,,,False,False,
R0069,DOZAJ – Brown Sugar(ブラウンシュガー)レビュー,https://cloud-jp.net/dozaj-brownsugar/,DOZAJ – Brown Sugar(ブラウンシュガー)レビュー,アールグレイ,キャラメル,アールグレイ||キャラメル,アールグレイでも代用可能です。,,,,,False,False,,False,,False,False,False,,,,False,False,
R0069,DOZAJ – Brown Sugar(ブラウンシュガー)レビュー,https://cloud-jp.net/dozaj-brownsugar/,DOZAJ – Brown Sugar(ブラウンシュガー)レビュー,アールグレイ,キャラメル,アールグレイ||キャラメル,・コットンキャンディ×キャラメル×ココナッツ – お菓子系フレーバーに似たフレーバーが少ないこともあり、甘めミックスを作るときにも重宝しそうです。,taste:sweetness,キャンディ|甘め,,,False,False,,False,,False,False,False,,,,False,False,
R0159,TROY – BLUE GUAVA(ブルーグアバ)レビュー,https://cloud-jp.net/troy-blueguava/,TROY – BLUE GUAVA(ブルーグアバ)レビュー,グアバ,ブルーベリー,グアバ||ブルーベリー,こちらの記事では、TROY(トロイ)のBlue Guava(ブルーグアバ)のフレーバーレビューをご紹介します。,,,,,False,False,,False,,False,False,False,,,,False,False,
R0159,TROY – BLUE GUAVA(ブルーグアバ)レビュー,https://cloud-jp.net/troy-blueguava/,TROY – BLUE GUAVA(ブルーグアバ)レビュー,グアバ,ブルーベリー,グアバ||ブルーベリー,Blue Guavaはブルーベリー系のフレーバーとなります。,,,,,False,False,,False,,False,False,False,,,,False,False,
R0159,TROY – BLUE GUAVA(ブルーグアバ)レビュー,https://cloud-jp.net/troy-blueguava/,TROY – BLUE GUAVA(ブルーグアバ)レビュー,グアバ,ブルーベリー,グアバ||ブルーベリー,立ち上げ当初はブルーベリーの香りがメインのように感じました。,experience:aroma,香り,,,False,False,,False,,False,False,False,,,,False,False,
R0159,TROY – BLUE GUAVA(ブルーグアバ)レビュー,https://cloud-jp.net/troy-blueguava/,TROY – BLUE GUAVA(ブルーグアバ)レビュー,グアバ,ブルーベリー,グアバ||ブルーベリー,TROY(トロイ) – BLUE GUAVA(ブルーグアバ)はCLOUD SHOPにてご購入いただけます！,,,,,False,False,,True,CLOUD SHOPにてご購入いただけます,False,False,False,,,,False,False,
R0168,旬-SHUN- GUAVA,https://cloud-jp.net/shun-guava/,旬-SHUN- GUAVA,グアバ,ブルーベリー,グアバ||ブルーベリー,・【旬-shun-】グアバ(30%)　+ 【旬-shun-】パイナップル(30%)　+　【AlFakher】ブルーベリー(40%),,,,,True,False,,False,,False,False,False,,,,False,False,
R0065,MALAKI – Double Apple(ダブルアップル),https://cloud-jp.net/malaki-doubleapple/,MALAKI – Double Apple(ダブルアップル),グアバ,リコリス,グアバ||リコリス,・ダブルアップル×ゴールデンデリシャスアップル×グアバ – 青リンゴの熟し切っていない甘さとグアバの風味がリコリスの風味をしっかりと引き立てます。,,,,,True,False,,False,,False,False,False,,,,False,False,
R0149,DOZAJ – Two Apple(トゥーアップル)レビュー,https://cloud-jp.net/dozaj-twoapple/,DOZAJ – Two Apple(トゥーアップル)レビュー,グアバ,リコリス,グアバ||リコリス,Two Appleはアニスとリコリスというハーブをミックスしたフレーバーで、名前にアップルとは付くものの林檎とは違った味わいがします。,,,,,False,False,,False,,False,False,False,,,,False,False,
R0149,DOZAJ – Two Apple(トゥーアップル)レビュー,https://cloud-jp.net/dozaj-twoapple/,DOZAJ – Two Apple(トゥーアップル)レビュー,グアバ,リコリス,グアバ||リコリス,DozajのTwo Appleの香りはべたべたに甘い濃厚なアニスと爽やかなリコリスが特徴的です。,experience:aroma|experience:coolness|taste:richness|taste:sweetness,濃厚|爽やか|甘い|香り,,,False,False,,False,,False,False,False,,,,False,False,
R0149,DOZAJ – Two Apple(トゥーアップル)レビュー,https://cloud-jp.net/dozaj-twoapple/,DOZAJ – Two Apple(トゥーアップル)レビュー,グアバ,リコリス,グアバ||リコリス,リコリスの味を出したい場合はこの限りではありませんが。,,,,,False,False,,False,,False,False,False,,,,False,False,
R0149,DOZAJ – Two Apple(トゥーアップル)レビュー,https://cloud-jp.net/dozaj-twoapple/,DOZAJ – Two Apple(トゥーアップル)レビュー,グアバ,リコリス,グアバ||リコリス,高火力ではアニスの甘みを感じ、火力を下げればリコリスの爽やかさとアニスの甘みが半々の吸いやすい煙となるでしょう。,experience:coolness|experience:smoke|experience:smoothness,吸いやすい|煙|爽やか,,,False,False,,False,,False,False,False,,,,False,False,
R0149,DOZAJ – Two Apple(トゥーアップル)レビュー,https://cloud-jp.net/dozaj-twoapple/,DOZAJ – Two Apple(トゥーアップル)レビュー,グアバ,リコリス,グアバ||リコリス,慣れてない方やTwo Appleをアクセントとして使いたい場合にはグレープフルーツやグアバ、ペアーあたりが良いのではないでしょうか。,,,evaluation:positive,良い,False,False,,False,,False,True,False,,,,False,False,
R0143,DOZAJ – Black Currant(ブラックカラント)レビュー,https://cloud-jp.net/dozaj-blackcurrant/,DOZAJ – Black Currant(ブラックカラント)レビュー,プラム,ベリー,プラム||ベリー,Black Currantは別名カシスと呼ばれ、ベリーの一種です。,,,,,False,False,,False,,False,False,False,,,,False,False,
R0143,DOZAJ – Black Currant(ブラックカラント)レビュー,https://cloud-jp.net/dozaj-blackcurrant/,DOZAJ – Black Currant(ブラックカラント)レビュー,プラム,ベリー,プラム||ベリー,吸った感じとしては、ほんのりとした苦味とベリー系の甘さを感じます。,taste:bitterness,苦味,,,False,False,,False,,False,False,False,,,,False,False,
R0143,DOZAJ – Black Currant(ブラックカラント)レビュー,https://cloud-jp.net/dozaj-blackcurrant/,DOZAJ – Black Currant(ブラックカラント)レビュー,プラム,ベリー,プラム||ベリー,一方でベリー系にありがちな酸味はあまりないです。,,,taste:acidity,酸味,False,False,,False,,False,False,False,,,,False,False,
R0143,DOZAJ – Black Currant(ブラックカラント)レビュー,https://cloud-jp.net/dozaj-blackcurrant/,DOZAJ – Black Currant(ブラックカラント)レビュー,プラム,ベリー,プラム||ベリー,煙の質感として、喉にひっかかることはありませんが、ベリー、カシス系特有の重たさみたいなものを感じます。,experience:smoke,煙,,,False,False,,False,,False,False,False,,,,False,False,
R0143,DOZAJ – Black Currant(ブラックカラント)レビュー,https://cloud-jp.net/dozaj-blackcurrant/,DOZAJ – Black Currant(ブラックカラント)レビュー,プラム,ベリー,プラム||ベリー,フルーツ系はプラム、レモン、ザクロあたりが間違いないんじゃないかと思います。,,,,,False,False,,False,,False,False,False,,,,False,False,
R0159,TROY – BLUE GUAVA(ブルーグアバ)レビュー,https://cloud-jp.net/troy-blueguava/,TROY – BLUE GUAVA(ブルーグアバ)レビュー,プラム,ベリー,プラム||ベリー,香りとしてはすっきりとしたブルーベリーの香りにグァバの甘みが後追いしてくるような味わいです。,experience:aroma,香り,,,False,False,,False,,False,False,False,,,,False,False,
R0159,TROY – BLUE GUAVA(ブルーグアバ)レビュー,https://cloud-jp.net/troy-blueguava/,TROY – BLUE GUAVA(ブルーグアバ)レビュー,プラム,ベリー,プラム||ベリー,またBlue Guavaが甘みによったフレーバーなのでプラムやラズベリー、レモン等で酸味も感じれるようにするのも有りだと感じます。,taste:acidity,酸味,,,False,False,,False,,False,False,False,,,,False,False,
R0055,MALAKI – Orange(オレンジ),https://cloud-jp.net/malaki-orange/,MALAKI – Orange(オレンジ),アイス,ライチ,アイス||ライチ,・オレンジ×ライチ×アイス – フルーツミックスに清涼感の強いアイスをちょい足しミックスです。,experience:coolness|experience:heaviness,強い|清涼感,,,True,True,ライチ×アイス,False,,False,False,False,,,,False,False,
R0064,MALAKI – Mint(ミント),https://cloud-jp.net/malaki-mint/,MALAKI – Mint(ミント),アイス,ライチ,アイス||ライチ,・ミント×レモン×ライチ – ミントの幅の広さを考え、あえて王道に近いミックスを選びました。,,,,,False,False,,False,,False,False,False,,,,False,False,
R0064,MALAKI – Mint(ミント),https://cloud-jp.net/malaki-mint/,MALAKI – Mint(ミント),アイス,ライチ,アイス||ライチ,アルファーヘル、FMLのミントやドザジのアイスなどを混ぜると美味しいです。,evaluation:positive,美味しい,,,False,False,,False,,True,False,False,,,,False,False,
R0157,TROY – ICE BANANA(アイスバナナ)レビュー,https://cloud-jp.net/troy-icebanana/,TROY – ICE BANANA(アイスバナナ)レビュー,ハニー,ミルク,ハニー||ミルク,TROYのラインナップではハニーミルク、それ以外ではチョコ系やミルク系のフレーバーとは相性抜群です。,experience:balance,相性,,,True,False,,False,,False,False,False,,,,False,False,
R0169,旬-SHUN- MELON,https://cloud-jp.net/shun-melon/,旬-SHUN- MELON,ハニー,ミルク,ハニー||ミルク,ミルクと合わせて、まったりしたフルーツの甘みを生かした、”メロンジュース”の味を表現するのに、ミルクなどと合わせるのが個人的には非常におすすめです。,evaluation:positive,おすすめ,,,False,False,,False,,True,False,False,,,,False,False,
R0169,旬-SHUN- MELON,https://cloud-jp.net/shun-melon/,旬-SHUN- MELON,ハニー,ミルク,ハニー||ミルク,・【Social Smoke】 honeydew,,,,,False,False,,False,,False,False,False,,,,False,False,
R0169,旬-SHUN- MELON,https://cloud-jp.net/shun-melon/,旬-SHUN- MELON,ハニー,ミルク,ハニー||ミルク,・【DOZAJ】MILK (50%)　＋　【旬-SHUN-】MELON(50%),,,,,False,False,,False,,False,False,False,,,,False,False,
R0054,MALAKI – Amazon(アマゾン),https://cloud-jp.net/malaki-amazon/,MALAKI – Amazon(アマゾン),グアバ,パイナップル,グアバ||パイナップル,・アマゾン×グアバ×パイナップル – 南国風ミックスのイメージです。,,,,,True,True,グアバ×パイナップル,False,,False,False,False,,,,False,False,
R0168,旬-SHUN- GUAVA,https://cloud-jp.net/shun-guava/,旬-SHUN- GUAVA,グアバ,パイナップル,グアバ||パイナップル,・【旬-shun-】グアバ(30%)　+ 【旬-shun-】パイナップル(30%)　+　【AlFakher】ブルーベリー(40%),,,,,True,False,,False,,False,False,False,,,,False,False,
R0047,MALAKI – Grape Mint(グレープミント),https://cloud-jp.net/malaki-grapemint/,MALAKI – Grape Mint(グレープミント),グレープミント,ミント,グレープミント||ミント,MALAKI – Grape Mint(グレープミント)の特徴,,,,,True,False,,True,^[^。！？!?]*の特徴$,False,False,False,,,,True,True,ミント is contained in グレープミント
R0047,MALAKI – Grape Mint(グレープミント),https://cloud-jp.net/malaki-grapemint/,MALAKI – Grape Mint(グレープミント),グレープミント,ミント,グレープミント||ミント,MALAKI – Grape Mint(グレープミント)のおすすめミックス,evaluation:positive,おすすめ,,,True,False,,True,^[^。！？!?]*おすすめ(?:の)?ミックス(?:・組み合わせ)?$,True,False,False,,,,True,True,ミント is contained in グレープミント
R0047,MALAKI – Grape Mint(グレープミント),https://cloud-jp.net/malaki-grapemint/,MALAKI – Grape Mint(グレープミント),グレープミント,ミント,グレープミント||ミント,MALAKI – Grape Mint(グレープミント)はCLOUD SHOPにてご購入いただけます！,,,,,True,False,,True,CLOUD SHOPにてご購入いただけます,False,False,False,,,,True,True,ミント is contained in グレープミント
R0070,DOZAJ – Grape(グレープ)レビュー,https://cloud-jp.net/dozaj-grape/,DOZAJ – Grape(グレープ)レビュー,グレープミント,ミント,グレープミント||ミント,・グレープ×ライム×ミント – スッキリとグレープを楽しみたい方に向けたミックス。,,,,,False,False,,False,,False,False,False,,,,True,True,ミント is contained in グレープミント
R0070,DOZAJ – Grape(グレープ)レビュー,https://cloud-jp.net/dozaj-grape/,DOZAJ – Grape(グレープ)レビュー,グレープミント,ミント,グレープミント||ミント,いつものグレープミントにライムをちょい足しで味に深みが出ます。,taste:richness,深み,,,False,False,,False,,False,False,False,,,,True,True,ミント is contained in グレープミント
R0044,MALAKI – Berry(ベリー),https://cloud-jp.net/malaki-berry/,MALAKI – Berry(ベリー),ザクロ,ミント,ザクロ||ミント,マラキのベリーは、ザクロのような甘酸っぱさが特徴のフレーバーです。,,,,,False,False,,False,,False,False,False,,,,False,False,
R0044,MALAKI – Berry(ベリー),https://cloud-jp.net/malaki-berry/,MALAKI – Berry(ベリー),ザクロ,ミント,ザクロ||ミント,また、全体として甘み以上に酸味とスッキリ感が強く、ベリーやザクロのイメージがそのまま再現されている印象です。,taste:acidity,酸味,,,False,False,,False,,False,False,False,,,,False,False,
R0044,MALAKI – Berry(ベリー),https://cloud-jp.net/malaki-berry/,MALAKI – Berry(ベリー),ザクロ,ミント,ザクロ||ミント,・ベリー×ブルーヘブン×ミント – ベリーの甘酸っぱさ、ブルーヘブンのすっきりとした酸味・甘み・清涼感、そしてミントの清涼感の調和を楽しむミックスです。,experience:balance|experience:coolness|taste:acidity,清涼感|調和|酸味,,,False,False,,False,,False,False,False,,,,False,False,
R0111,Tabu – Garnet Juice(ガーネットジュース)レビュー,https://cloud-jp.net/tabu-garnetjuice/,Tabu – Garnet Juice(ガーネットジュース)レビュー,ザクロ,ミント,ザクロ||ミント,ガーネットジュースは、ザクロがベースとなっているジュースです。,,,,,False,False,,False,,False,False,False,,,,False,False,
R0111,Tabu – Garnet Juice(ガーネットジュース)レビュー,https://cloud-jp.net/tabu-garnetjuice/,Tabu – Garnet Juice(ガーネットジュース)レビュー,ザクロ,ミント,ザクロ||ミント,ザクロに加えて、青リングの甘みもあるジュースになります。,,,,,False,False,,False,,False,False,False,,,,False,False,
R0111,Tabu – Garnet Juice(ガーネットジュース)レビュー,https://cloud-jp.net/tabu-garnetjuice/,Tabu – Garnet Juice(ガーネットジュース)レビュー,ザクロ,ミント,ザクロ||ミント,シーシャのフレーバーとして吸ってみていても、やはりザクロが全面に出てきているフレーバーの仕上がりになっています。,,,,,False,False,,False,,False,False,False,,,,False,False,
R0111,Tabu – Garnet Juice(ガーネットジュース)レビュー,https://cloud-jp.net/tabu-garnetjuice/,Tabu – Garnet Juice(ガーネットジュース)レビュー,ザクロ,ミント,ザクロ||ミント,ザクロの味が前面に出ており、後味でリンゴのまったりとした甘味も感じることができます。,,,,,False,False,,False,,False,False,False,,,,False,False,
R0111,Tabu – Garnet Juice(ガーネットジュース)レビュー,https://cloud-jp.net/tabu-garnetjuice/,Tabu – Garnet Juice(ガーネットジュース)レビュー,ザクロ,ミント,ザクロ||ミント,ザクロがメインになっているため酸味なども感じられるのかというイメージで吸ってみたのですが、酸味はそこまで感じられませんでした。,taste:acidity,酸味,,,False,False,,False,,False,False,False,,,,False,False,
R0111,Tabu – Garnet Juice(ガーネットジュース)レビュー,https://cloud-jp.net/tabu-garnetjuice/,Tabu – Garnet Juice(ガーネットジュース)レビュー,ザクロ,ミント,ザクロ||ミント,ガーネットジュースは単体でも非常に完成度の高いフレーバーなので、単体で吸ったり、ミントとミックスして吸うのがおすすめです。,evaluation:positive,おすすめ,,,False,False,,False,,True,False,False,,,,False,False,
R0055,MALAKI – Orange(オレンジ),https://cloud-jp.net/malaki-orange/,MALAKI – Orange(オレンジ),アイス,オレンジ,アイス||オレンジ,・オレンジ×ライチ×アイス – フルーツミックスに清涼感の強いアイスをちょい足しミックスです。,experience:coolness|experience:heaviness,強い|清涼感,,,True,True,オレンジ×ライチ×アイス – フルーツミックス,False,,False,False,False,,,,False,False,
R0088,TROY – Ice Orange(アイスオレンジ)レビュー,https://cloud-jp.net/troy-iceorange/,TROY – Ice Orange(アイスオレンジ)レビュー,アイス,オレンジ,アイス||オレンジ,また、吐き終わりにオレンジのビター感とアイスが相まってオレンジ味のメンソールガムを噛んでいるような感じがします。,taste:bitterness,ビター,,,True,False,,False,,False,False,False,,,,False,False,
R0136,DOZAJ – Chocolate(チョコレート)レビュー,https://cloud-jp.net/dozaj-chocolate/,DOZAJ – Chocolate(チョコレート)レビュー,チョコレート,ミルク,チョコレート||ミルク,Chocolateの特徴,,,,,False,False,,True,^[^。！？!?]*の特徴$,False,False,False,,,,False,False,
R0136,DOZAJ – Chocolate(チョコレート)レビュー,https://cloud-jp.net/dozaj-chocolate/,DOZAJ – Chocolate(チョコレート)レビュー,チョコレート,ミルク,チョコレート||ミルク,Chocolateのおすすめミックス,evaluation:positive,おすすめ,,,False,False,,True,^[^。！？!?]*おすすめ(?:の)?ミックス(?:・組み合わせ)?$,True,False,False,,,,False,False,
R0136,DOZAJ – Chocolate(チョコレート)レビュー,https://cloud-jp.net/dozaj-chocolate/,DOZAJ – Chocolate(チョコレート)レビュー,チョコレート,ミルク,チョコレート||ミルク,たしかに煙の吐き始めは、ほんのりとチョコレートの味がするのですが、吐き終わりには特になにも感じないです。,experience:smoke,煙,,,False,False,,False,,False,False,False,,,,False,False,
R0136,DOZAJ – Chocolate(チョコレート)レビュー,https://cloud-jp.net/dozaj-chocolate/,DOZAJ – Chocolate(チョコレート)レビュー,チョコレート,ミルク,チョコレート||ミルク,DOZAJのMilkやNesquicklyなんかは間違いないですし、Golden Layalinaのコニャックあたりも美味しいです。,evaluation:positive,美味しい,,,False,False,,False,,True,False,False,,,,False,False,
R0136,DOZAJ – Chocolate(チョコレート)レビュー,https://cloud-jp.net/dozaj-chocolate/,DOZAJ – Chocolate(チョコレート)レビュー,チョコレート,ミルク,チョコレート||ミルク,DOZAJ(ドザジ) – Chocolate(チョコレート)はCLOUD SHOPにてご購入いただけます！,,,,,False,False,,True,CLOUD SHOPにてご購入いただけます,False,False,False,,,,False,False,
R0155,TROY – CAPPUCCINO(カプチーノ)レビュー,https://cloud-jp.net/troy-cappuccino/,TROY – CAPPUCCINO(カプチーノ)レビュー,チョコレート,ミルク,チョコレート||ミルク,香りとしてはビターなコーヒーとミルクのクリーミーな甘さを感じます。,experience:aroma|taste:bitterness,ビター|香り,,,False,False,,False,,False,False,False,,,,False,False,
R0155,TROY – CAPPUCCINO(カプチーノ)レビュー,https://cloud-jp.net/troy-cappuccino/,TROY – CAPPUCCINO(カプチーノ)レビュー,チョコレート,ミルク,チョコレート||ミルク,どちらかと言えばミルクな甘みの方がしっかりと出るフレーバーな印象です。,,,,,False,False,,False,,False,False,False,,,,False,False,
R0155,TROY – CAPPUCCINO(カプチーノ)レビュー,https://cloud-jp.net/troy-cappuccino/,TROY – CAPPUCCINO(カプチーノ)レビュー,チョコレート,ミルク,チョコレート||ミルク,ミックスに関して、ビターさを出してあげるのであればYa LaylのCoffeeやDookahのCoffeeあたり、甘みを足すのであればAl fakherのVanillaやSocial SmokeのDulce de leche、AzureのChocolate Cakeあたりが鉄板かと思います。,taste:bitterness,ビター,,,False,False,,False,,False,False,True,action,足す,,False,False,
R0070,DOZAJ – Grape(グレープ)レビュー,https://cloud-jp.net/dozaj-grape/,DOZAJ – Grape(グレープ)レビュー,グレープ,ライム,グレープ||ライム,・グレープ×ライム×ミント – スッキリとグレープを楽しみたい方に向けたミックス。,,,,,True,True,グレープ×ライム,False,,False,False,False,,,,False,False,
R0209,Social Smoke Grape Chill(グレープチル)レビュー,https://cloud-jp.net/socialsmoke-grapechill-review/,Social Smoke Grape Chill(グレープチル)レビュー,グレープ,ライム,グレープ||ライム,Social Smoke(ソーシャルスモーク) Grape Chill(グレープチル)のレビューです。,,,,,False,False,,True,^[^。！？!?]*のレビューです。?$,False,False,False,,,,False,False,
R0209,Social Smoke Grape Chill(グレープチル)レビュー,https://cloud-jp.net/socialsmoke-grapechill-review/,Social Smoke Grape Chill(グレープチル)レビュー,グレープ,ライム,グレープ||ライム,Social Smoke Grape Chill(グレープチル)の特徴,,,,,False,False,,True,^[^。！？!?]*の特徴$,False,False,False,,,,False,False,
R0209,Social Smoke Grape Chill(グレープチル)レビュー,https://cloud-jp.net/socialsmoke-grapechill-review/,Social Smoke Grape Chill(グレープチル)レビュー,グレープ,ライム,グレープ||ライム,Social Smoke Grape Chill(グレープチル)を使ったMIX,,,,,False,False,,False,,False,False,False,,,,False,False,
R0209,Social Smoke Grape Chill(グレープチル)レビュー,https://cloud-jp.net/socialsmoke-grapechill-review/,Social Smoke Grape Chill(グレープチル)レビュー,グレープ,ライム,グレープ||ライム,香りは、AFのグレープのような甘味と渋みがあるクラシックな味ではなく、グレープ味のハイチュウやファンタグレープのような、はっきりとしたグレープのお菓子のような甘みを感じられます。,experience:aroma,香り,,,False,False,,False,,False,False,False,,,,False,False,
R0209,Social Smoke Grape Chill(グレープチル)レビュー,https://cloud-jp.net/socialsmoke-grapechill-review/,Social Smoke Grape Chill(グレープチル)レビュー,グレープ,ライム,グレープ||ライム,Grape Chill(グレープチル)は単体で甘さとさっぱりさを兼ね備えているので、さっぱり系や甘さを活かしたMIXがおすすめです。,evaluation:positive|experience:coolness,おすすめ|さっぱり,,,False,False,,False,,True,False,False,,,,False,False,
R0209,Social Smoke Grape Chill(グレープチル)レビュー,https://cloud-jp.net/socialsmoke-grapechill-review/,Social Smoke Grape Chill(グレープチル)レビュー,グレープ,ライム,グレープ||ライム,ベリー系やマウンテンフォグ、ホワイトグミベア、レモン、ライムなどがおすすめです。,evaluation:positive,おすすめ,,,False,False,,False,,True,False,False,,,,False,False,
R0181,ICE ROCKZ MixedFruits(ミックスフルーツ)レビュー,https://cloud-jp.net/icerockz-mixedfruits/,ICE ROCKZ MixedFruits(ミックスフルーツ)レビュー,カルダモン,レモン,カルダモン||レモン,ICE ROCKZ MixedFruits(ミックスフルーツ)は、ミックスフルーツフレーバーなので、アップルやライチ、キウイ、レモン、ピーチなどの幅広いフルーツ系フレーバーとのミックスで力を発揮します。,,,,,False,False,,False,,False,False,False,,,,False,False,
R0181,ICE ROCKZ MixedFruits(ミックスフルーツ)レビュー,https://cloud-jp.net/icerockz-mixedfruits/,ICE ROCKZ MixedFruits(ミックスフルーツ)レビュー,カルダモン,レモン,カルダモン||レモン,その他にも、カルダモンやジャスミンミルクなどのフレーバーとも相性が良いです。,evaluation:positive|experience:balance,相性|相性が良い|良い,,,False,False,,False,,True,False,False,,,,False,False,
R0217,TRIFECTA MountainFog(マウンテンフォグ)レビュー,https://cloud-jp.net/trifecta-mountainfog-review/,TRIFECTA MountainFog(マウンテンフォグ)レビュー,カルダモン,レモン,カルダモン||レモン,それ以外にも、レモンやグレープフルーツ、ペアチルなどの柑橘系でさっぱりと仕上げたり、カルダモンやミント系もよくあいます。,experience:coolness,さっぱり,,,True,False,,False,,False,False,False,,,,False,False,
R0037,MALAKI – Velvet(ベルベット),https://cloud-jp.net/malaki-velvet/,MALAKI – Velvet(ベルベット),キャラメル,バニラ,キャラメル||バニラ,甘みが強く、キャラメルとナッツ、そしてミルクの香りを感じられます。,experience:aroma,香り,,,False,False,,False,,False,False,False,,,,False,False,
R0037,MALAKI – Velvet(ベルベット),https://cloud-jp.net/malaki-velvet/,MALAKI – Velvet(ベルベット),キャラメル,バニラ,キャラメル||バニラ,最初に感じるのはキャラメルとナッツのもったりとした甘さです。,,,,,False,False,,False,,False,False,False,,,,False,False,
R0037,MALAKI – Velvet(ベルベット),https://cloud-jp.net/malaki-velvet/,MALAKI – Velvet(ベルベット),キャラメル,バニラ,キャラメル||バニラ,・ワイルド×バニラ×コニャック – 甘さとスモーキーな香りを重ねて上品な香りを楽しむミックス。,experience:aroma,香り,,,False,False,,False,,False,False,False,,,,False,False,
R0133,DOZAJ – Coconut(ココナッツ)レビュー,https://cloud-jp.net/dozaj-coconut/,DOZAJ – Coconut(ココナッツ)レビュー,キャラメル,バニラ,キャラメル||バニラ,また、バニラやキャラメルとミックスして甘々にするのも、甘党の方にはおすすめできます。,evaluation:positive,おすすめ,,,True,True,バニラやキャラメルとミックス,False,,True,False,False,,,,False,False,
R0065,MALAKI – Double Apple(ダブルアップル),https://cloud-jp.net/malaki-doubleapple/,MALAKI – Double Apple(ダブルアップル),グアバ,ダブルアップル,グアバ||ダブルアップル,・ダブルアップル×ゴールデンデリシャスアップル×グアバ – 青リンゴの熟し切っていない甘さとグアバの風味がリコリスの風味をしっかりと引き立てます。,,,,,True,False,,False,,False,False,False,,,,False,False,
R0149,DOZAJ – Two Apple(トゥーアップル)レビュー,https://cloud-jp.net/dozaj-twoapple/,DOZAJ – Two Apple(トゥーアップル)レビュー,グアバ,ダブルアップル,グアバ||ダブルアップル,シーシャといえばダブルアップル、トゥーアップルが代名詞と言われがちですが、上述の通り林檎の味ではないので初心者向きではないと思います。,,,,,False,False,,False,,False,False,False,,,,False,False,
R0149,DOZAJ – Two Apple(トゥーアップル)レビュー,https://cloud-jp.net/dozaj-twoapple/,DOZAJ – Two Apple(トゥーアップル)レビュー,グアバ,ダブルアップル,グアバ||ダブルアップル,慣れてない方やTwo Appleをアクセントとして使いたい場合にはグレープフルーツやグアバ、ペアーあたりが良いのではないでしょうか。,,,evaluation:positive,良い,False,False,,False,,False,True,False,,,,False,False,
R0047,MALAKI – Grape Mint(グレープミント),https://cloud-jp.net/malaki-grapemint/,MALAKI – Grape Mint(グレープミント),ジャスミン,ミント,ジャスミン||ミント,MALAKI – Grape Mint(グレープミント)の特徴,,,,,False,False,,True,^[^。！？!?]*の特徴$,False,False,False,,,,False,False,
R0047,MALAKI – Grape Mint(グレープミント),https://cloud-jp.net/malaki-grapemint/,MALAKI – Grape Mint(グレープミント),ジャスミン,ミント,ジャスミン||ミント,MALAKI – Grape Mint(グレープミント)のおすすめミックス,evaluation:positive,おすすめ,,,False,False,,True,^[^。！？!?]*おすすめ(?:の)?ミックス(?:・組み合わせ)?$,True,False,False,,,,False,False,
R0047,MALAKI – Grape Mint(グレープミント),https://cloud-jp.net/malaki-grapemint/,MALAKI – Grape Mint(グレープミント),ジャスミン,ミント,ジャスミン||ミント,名前の通り、グレープとミントのミックスフレーバーです。,,,,,False,False,,False,,False,False,False,,,,False,False,
R0047,MALAKI – Grape Mint(グレープミント),https://cloud-jp.net/malaki-grapemint/,MALAKI – Grape Mint(グレープミント),ジャスミン,ミント,ジャスミン||ミント,ミントはマラキのミントミックスフレーバー同様、清涼感も感じられつつミントの香りもしっかりと立っている印象を受けます。,experience:aroma|experience:coolness,清涼感|香り,,,False,False,,False,,False,False,False,,,,False,False,
R0047,MALAKI – Grape Mint(グレープミント),https://cloud-jp.net/malaki-grapemint/,MALAKI – Grape Mint(グレープミント),ジャスミン,ミント,ジャスミン||ミント,全体として、グレープとミントのバランスが非常に良く、単体でも十分に楽しめます。,experience:balance,バランス,,,False,False,,False,,False,False,False,,,,False,False,
R0047,MALAKI – Grape Mint(グレープミント),https://cloud-jp.net/malaki-grapemint/,MALAKI – Grape Mint(グレープミント),ジャスミン,ミント,ジャスミン||ミント,瑞々しいグレープの甘さとミントの清涼感を生かすミックスを考えてみました。,experience:coolness,清涼感,,,False,False,,False,,False,False,False,,,,False,False,
R0047,MALAKI – Grape Mint(グレープミント),https://cloud-jp.net/malaki-grapemint/,MALAKI – Grape Mint(グレープミント),ジャスミン,ミント,ジャスミン||ミント,・グレープミント×ジャスミン×ライチ – 華やかな香りを楽しむミックスです。,experience:aroma,香り,,,False,True,ミント×ジャスミン,False,,False,False,False,,,,False,False,
R0047,MALAKI – Grape Mint(グレープミント),https://cloud-jp.net/malaki-grapemint/,MALAKI – Grape Mint(グレープミント),ジャスミン,ミント,ジャスミン||ミント,ジャスミンの香りとライチ・グレープミントの爽やかな甘さが非常によく合います。,experience:aroma|experience:coolness,爽やか|香り,,,False,False,,False,,False,False,False,,,,False,False,
R0047,MALAKI – Grape Mint(グレープミント),https://cloud-jp.net/malaki-grapemint/,MALAKI – Grape Mint(グレープミント),ジャスミン,ミント,ジャスミン||ミント,MALAKI – Grape Mint(グレープミント)はCLOUD SHOPにてご購入いただけます！,,,,,False,False,,True,CLOUD SHOPにてご購入いただけます,False,False,False,,,,False,False,
R0162,TROY ANISE(アニス) レビュー,https://cloud-jp.net/troy-anise/,TROY ANISE(アニス) レビュー,ジャスミン,ミント,ジャスミン||ミント,個人的にフローラル系のTrifecta DarkのラベンダーミントやDozaj ジャスミン、Al fakher　ローズあたりが相性いいと思います。,experience:balance,相性,,,True,False,,False,,False,False,False,,,,False,False,
R0074,DOZAJ – Ginger Coconuts(ジンジャーココナッツ)レビュー,https://cloud-jp.net/dozaj-gingercoconuts/,DOZAJ – Ginger Coconuts(ジンジャーココナッツ)レビュー,ココナッツ,バニラ,ココナッツ||バニラ,ジンジャーココナッツは、その名の通り、ジンジャーとココナッツのミックスフレーバーです。,,,,,False,False,,False,,False,False,False,,,,False,False,
R0074,DOZAJ – Ginger Coconuts(ジンジャーココナッツ)レビュー,https://cloud-jp.net/dozaj-gingercoconuts/,DOZAJ – Ginger Coconuts(ジンジャーココナッツ)レビュー,ココナッツ,バニラ,ココナッツ||バニラ,ココナッツの甘みとピリッとしたジンジャーが上手く共存し、喉にしっかりとスパイス感が伝わります。,taste:spicy,スパイス,,,False,False,,False,,False,False,False,,,,False,False,
R0074,DOZAJ – Ginger Coconuts(ジンジャーココナッツ)レビュー,https://cloud-jp.net/dozaj-gingercoconuts/,DOZAJ – Ginger Coconuts(ジンジャーココナッツ)レビュー,ココナッツ,バニラ,ココナッツ||バニラ,時間の経過とともに、ジンジャーは落ち着き、ココナッツの主張が強くなります。,,,,,False,False,,False,,False,False,False,,,,False,False,
R0074,DOZAJ – Ginger Coconuts(ジンジャーココナッツ)レビュー,https://cloud-jp.net/dozaj-gingercoconuts/,DOZAJ – Ginger Coconuts(ジンジャーココナッツ)レビュー,ココナッツ,バニラ,ココナッツ||バニラ,ココナッツは、Al Fakherに近いシンプルなココナッツです。,,,,,False,False,,False,,False,False,False,,,,False,False,
R0074,DOZAJ – Ginger Coconuts(ジンジャーココナッツ)レビュー,https://cloud-jp.net/dozaj-gingercoconuts/,DOZAJ – Ginger Coconuts(ジンジャーココナッツ)レビュー,ココナッツ,バニラ,ココナッツ||バニラ,甘みとココナッツの風味がしっかりと感じられます。,,,,,False,False,,False,,False,False,False,,,,False,False,
R0074,DOZAJ – Ginger Coconuts(ジンジャーココナッツ)レビュー,https://cloud-jp.net/dozaj-gingercoconuts/,DOZAJ – Ginger Coconuts(ジンジャーココナッツ)レビュー,ココナッツ,バニラ,ココナッツ||バニラ,ピリッとしたジンジャーとココナッツの甘みを活かすミックスを考えてみました。,,,,,False,False,,False,,False,False,False,,,,False,False,
R0074,DOZAJ – Ginger Coconuts(ジンジャーココナッツ)レビュー,https://cloud-jp.net/dozaj-gingercoconuts/,DOZAJ – Ginger Coconuts(ジンジャーココナッツ)レビュー,ココナッツ,バニラ,ココナッツ||バニラ,・ジンジャーココナッツ×バニラ×ハニー – 甘さを前面に出しつつ、ピリッとしたジンジャーが後味をまとめてくれます。,,,,,False,True,ココナッツ×バニラ,False,,False,False,False,,,,False,False,
R0133,DOZAJ – Coconut(ココナッツ)レビュー,https://cloud-jp.net/dozaj-coconut/,DOZAJ – Coconut(ココナッツ)レビュー,ココナッツ,バニラ,ココナッツ||バニラ,また、バニラやキャラメルとミックスして甘々にするのも、甘党の方にはおすすめできます。,evaluation:positive,おすすめ,,,False,False,,False,,True,False,False,,,,False,False,
R0133,DOZAJ – Coconut(ココナッツ)レビュー,https://cloud-jp.net/dozaj-coconut/,DOZAJ – Coconut(ココナッツ)レビュー,ココナッツ,バニラ,ココナッツ||バニラ,DOZAJ(ドザジ) – Coconut(ココナッツ)はCLOUD SHOPにてご購入いただけます！,,,,,False,False,,True,CLOUD SHOPにてご購入いただけます,False,False,False,,,,False,False,
R0055,MALAKI – Orange(オレンジ),https://cloud-jp.net/malaki-orange/,MALAKI – Orange(オレンジ),オレンジ,ライチ,オレンジ||ライチ,・オレンジ×ライチ×アイス – フルーツミックスに清涼感の強いアイスをちょい足しミックスです。,experience:coolness|experience:heaviness,強い|清涼感,,,True,True,オレンジ×ライチ,False,,False,False,False,,,,False,False,
R0097,Tabu – Pomelo(ポメロ)レビュー,https://cloud-jp.net/tabu-pomelo/,Tabu – Pomelo(ポメロ)レビュー,オレンジ,ライチ,オレンジ||ライチ,筆者である私と同様、ポメロをそもそも知らない方が多いと思うので他のフルーツに例えると、吸っている時は舌でオレンジのような甘味を感じ、吐くときにグレープフルーツのような酸味・ビターさを感じます。,taste:acidity|taste:bitterness,ビター|酸味,,,False,False,,False,,False,False,False,,,,False,False,
R0097,Tabu – Pomelo(ポメロ)レビュー,https://cloud-jp.net/tabu-pomelo/,Tabu – Pomelo(ポメロ)レビュー,オレンジ,ライチ,オレンジ||ライチ,それ以外のミックスでは、buta taigaやボムシェルなどの香木系フレーバーとミックスして爽やかで上品な味わいのミックスにしたり、ライチやグレープフルーツ、パンションフルーツなどトミックスしてフルーツジューシーミックスにしたりするのもオススメです。,experience:coolness|taste:fruity,ジューシー|爽やか,,,False,False,,False,,False,False,False,,,,False,False,
R0056,MALAKI – Bitter Sweet(ビタースイート),https://cloud-jp.net/malaki-bittersweet/,MALAKI – Bitter Sweet(ビタースイート),グアバ,パッションフルーツ,グアバ||パッションフルーツ,・ビタースイート×グアバ×パッションフルーツ – 南国系のフルーツミックスにちょい足しです。,taste:bitterness|taste:sweetness,スイート|ビター,,,True,True,グアバ×パッションフルーツ,False,,False,False,False,,,,False,False,
R0067,DOZAJ – Fig(フィグ)レビュー,https://cloud-jp.net/dozaj-fig/,DOZAJ – Fig(フィグ)レビュー,グアバ,パッションフルーツ,グアバ||パッションフルーツ,・フィグ×グアバ×パッションフルーツ – 甘さのバランスがよく、後味の渋味で南国っぽい気分になれるミックスです。,experience:balance,バランス,,,True,True,グアバ×パッションフルーツ,False,,False,False,False,,,,False,False,
R0056,MALAKI – Bitter Sweet(ビタースイート),https://cloud-jp.net/malaki-bittersweet/,MALAKI – Bitter Sweet(ビタースイート),グレープフルーツ,パッションフルーツ,グレープフルーツ||パッションフルーツ,オレンジピールやグレープフルーツの苦味や渋味が強く感じられ、その奥に柑橘系の爽やかな香りが存在します。,experience:aroma|experience:coolness|taste:bitterness,爽やか|苦味|香り,,,False,False,,False,,False,False,False,,,,False,False,
R0056,MALAKI – Bitter Sweet(ビタースイート),https://cloud-jp.net/malaki-bittersweet/,MALAKI – Bitter Sweet(ビタースイート),グレープフルーツ,パッションフルーツ,グレープフルーツ||パッションフルーツ,・ビタースイート×オレンジ×グレープフルーツ – ピールの風味が特徴的な柑橘系とのミックス。,taste:bitterness|taste:sweetness,スイート|ビター,,,False,False,,False,,False,False,False,,,,False,False,
R0056,MALAKI – Bitter Sweet(ビタースイート),https://cloud-jp.net/malaki-bittersweet/,MALAKI – Bitter Sweet(ビタースイート),グレープフルーツ,パッションフルーツ,グレープフルーツ||パッションフルーツ,・ビタースイート×グアバ×パッションフルーツ – 南国系のフルーツミックスにちょい足しです。,taste:bitterness|taste:sweetness,スイート|ビター,,,False,False,,False,,False,False,False,,,,False,False,
R0081,DOZAJ – Maracuja(マラクジャ)レビュー,https://cloud-jp.net/dozaj-maracuja/,DOZAJ – Maracuja(マラクジャ)レビュー,グレープフルーツ,パッションフルーツ,グレープフルーツ||パッションフルーツ,Maracuja(マラクジャ)はポルトガル語で、翻訳するとパッションフルーツだそうです。,,,,,False,False,,False,,False,False,False,,,,False,False,
R0081,DOZAJ – Maracuja(マラクジャ)レビュー,https://cloud-jp.net/dozaj-maracuja/,DOZAJ – Maracuja(マラクジャ)レビュー,グレープフルーツ,パッションフルーツ,グレープフルーツ||パッションフルーツ,Dozajからはパッションフルーツのフレーバーも発売されています。,,,,,False,False,,False,,False,False,False,,,,False,False,
R0081,DOZAJ – Maracuja(マラクジャ)レビュー,https://cloud-jp.net/dozaj-maracuja/,DOZAJ – Maracuja(マラクジャ)レビュー,グレープフルーツ,パッションフルーツ,グレープフルーツ||パッションフルーツ,そこでパッションフルーツの色について調べてみると、黄色種と紫色種の二つが両方存在しているらしく、それぞれ栽培に適した気候が異なるのだそう。,,,,,False,False,,False,,False,False,False,,,,False,False,
R0081,DOZAJ – Maracuja(マラクジャ)レビュー,https://cloud-jp.net/dozaj-maracuja/,DOZAJ – Maracuja(マラクジャ)レビュー,グレープフルーツ,パッションフルーツ,グレープフルーツ||パッションフルーツ,ドザジのマラキュジャは、甘味はそれほどなく、グレープフルーツのようなビターな酸味がメインに感じるフレーバーです。,taste:acidity|taste:bitterness,ビター|酸味,,,False,False,,False,,False,False,False,,,,False,False,
R0143,DOZAJ – Black Currant(ブラックカラント)レビュー,https://cloud-jp.net/dozaj-blackcurrant/,DOZAJ – Black Currant(ブラックカラント)レビュー,オレンジ,ベリー,オレンジ||ベリー,Black Currantは別名カシスと呼ばれ、ベリーの一種です。,,,,,False,False,,False,,False,False,False,,,,False,False,
R0143,DOZAJ – Black Currant(ブラックカラント)レビュー,https://cloud-jp.net/dozaj-blackcurrant/,DOZAJ – Black Currant(ブラックカラント)レビュー,オレンジ,ベリー,オレンジ||ベリー,吸った感じとしては、ほんのりとした苦味とベリー系の甘さを感じます。,taste:bitterness,苦味,,,False,False,,False,,False,False,False,,,,False,False,
R0143,DOZAJ – Black Currant(ブラックカラント)レビュー,https://cloud-jp.net/dozaj-blackcurrant/,DOZAJ – Black Currant(ブラックカラント)レビュー,オレンジ,ベリー,オレンジ||ベリー,一方でベリー系にありがちな酸味はあまりないです。,,,taste:acidity,酸味,False,False,,False,,False,False,False,,,,False,False,
R0143,DOZAJ – Black Currant(ブラックカラント)レビュー,https://cloud-jp.net/dozaj-blackcurrant/,DOZAJ – Black Currant(ブラックカラント)レビュー,オレンジ,ベリー,オレンジ||ベリー,煙の質感として、喉にひっかかることはありませんが、ベリー、カシス系特有の重たさみたいなものを感じます。,experience:smoke,煙,,,False,False,,False,,False,False,False,,,,False,False,
R0143,DOZAJ – Black Currant(ブラックカラント)レビュー,https://cloud-jp.net/dozaj-blackcurrant/,DOZAJ – Black Currant(ブラックカラント)レビュー,オレンジ,ベリー,オレンジ||ベリー,カシスのフレーバーであるため、最初に思いつくのはオレンジとミックスしてカシスオレンジ風ミックスですね。,,,,,False,False,,False,,False,False,False,,,,False,False,
R0195,Al Fakher Grenadine(グレナデン)レビュー,https://cloud-jp.net/alfakher-grenadine-review/,Al Fakher Grenadine(グレナデン)レビュー,オレンジ,ベリー,オレンジ||ベリー,グアバやレモン、グレープフルーツ、オレンジ、ベリー系などとミックスすれば間違いなしです。,,,,,True,True,オレンジ、ベリー系などとミックス,False,,False,False,False,,,,False,False,
R0097,Tabu – Pomelo(ポメロ)レビュー,https://cloud-jp.net/tabu-pomelo/,Tabu – Pomelo(ポメロ)レビュー,グレープフルーツ,ライチ,グレープフルーツ||ライチ,それ以外のミックスでは、buta taigaやボムシェルなどの香木系フレーバーとミックスして爽やかで上品な味わいのミックスにしたり、ライチやグレープフルーツ、パンションフルーツなどトミックスしてフルーツジューシーミックスにしたりするのもオススメです。,experience:coolness|taste:fruity,ジューシー|爽やか,,,True,False,,False,,False,False,False,,,,False,False,
R0163,日本発ノンニコチンフレーバー『Japonesque』を吸ってみた【前編】,https://cloud-jp.net/japonesque-review-01/,日本発ノンニコチンフレーバー『Japonesque』を吸ってみた【前編】,グレープフルーツ,ライチ,グレープフルーツ||ライチ,「風鈴」はスイカ、グレープフルーツ、ライチのミックスフレーバーです。,,,,,True,True,グレープフルーツ、ライチのミックス,False,,False,False,False,,,,False,False,
R0168,旬-SHUN- GUAVA,https://cloud-jp.net/shun-guava/,旬-SHUN- GUAVA,パイナップル,ミント,パイナップル||ミント,・【旬-shun-】グアバ(30%)　+ 【旬-shun-】パイナップル(30%)　+　【AlFakher】ブルーベリー(40%),,,,,False,False,,False,,False,False,False,,,,False,False,
R0168,旬-SHUN- GUAVA,https://cloud-jp.net/shun-guava/,旬-SHUN- GUAVA,パイナップル,ミント,パイナップル||ミント,・【Buta Tobacco】タイガ(50%)　+　【旬-shun-】グアバ(50%)　+　（お好みでミント）,,,,,False,False,,False,,False,False,False,,,,False,False,
R0222,FUMARIの特徴、おすすめのフレーバーについて,https://cloud-jp.net/fumari-recommended/,FUMARIの特徴、おすすめのフレーバーについて,パイナップル,ミント,パイナップル||ミント,1.ミント,,,,,False,False,,False,,False,False,False,,,,False,False,
R0222,FUMARIの特徴、おすすめのフレーバーについて,https://cloud-jp.net/fumari-recommended/,FUMARIの特徴、おすすめのフレーバーについて,パイナップル,ミント,パイナップル||ミント,その理由の一つに、FUAMRIのミントはミックスが前提に作られていることがあります。,,,,,False,False,,False,,False,False,False,,,,False,False,
R0222,FUMARIの特徴、おすすめのフレーバーについて,https://cloud-jp.net/fumari-recommended/,FUMARIの特徴、おすすめのフレーバーについて,パイナップル,ミント,パイナップル||ミント,そのため、ミントの清涼感も控えめに作られています。,experience:coolness,清涼感,,,False,False,,False,,False,False,False,,,,False,False,
R0222,FUMARIの特徴、おすすめのフレーバーについて,https://cloud-jp.net/fumari-recommended/,FUMARIの特徴、おすすめのフレーバーについて,パイナップル,ミント,パイナップル||ミント,ミントは単体で吸うことはあまりないですが、ミントをミックスしたシーシャを吸うのであれば,,,,,False,False,,False,,False,False,False,,,,False,False,
R0222,FUMARIの特徴、おすすめのフレーバーについて,https://cloud-jp.net/fumari-recommended/,FUMARIの特徴、おすすめのフレーバーについて,パイナップル,ミント,パイナップル||ミント,FUMARIのミントを試してみてください。,,,,,False,False,,False,,False,False,False,,,,False,False,
R0222,FUMARIの特徴、おすすめのフレーバーについて,https://cloud-jp.net/fumari-recommended/,FUMARIの特徴、おすすめのフレーバーについて,パイナップル,ミント,パイナップル||ミント,カリビアンコラーダはココナッツとパイナップルがすでにミックスされたフレーバーですので,,,,,False,False,,False,,False,False,False,,,,False,False,
R0159,TROY – BLUE GUAVA(ブルーグアバ)レビュー,https://cloud-jp.net/troy-blueguava/,TROY – BLUE GUAVA(ブルーグアバ)レビュー,グアバ,ベリー,グアバ||ベリー,こちらの記事では、TROY(トロイ)のBlue Guava(ブルーグアバ)のフレーバーレビューをご紹介します。,,,,,False,False,,False,,False,False,False,,,,False,False,
R0159,TROY – BLUE GUAVA(ブルーグアバ)レビュー,https://cloud-jp.net/troy-blueguava/,TROY – BLUE GUAVA(ブルーグアバ)レビュー,グアバ,ベリー,グアバ||ベリー,香りとしてはすっきりとしたブルーベリーの香りにグァバの甘みが後追いしてくるような味わいです。,experience:aroma,香り,,,False,False,,False,,False,False,False,,,,False,False,
R0159,TROY – BLUE GUAVA(ブルーグアバ)レビュー,https://cloud-jp.net/troy-blueguava/,TROY – BLUE GUAVA(ブルーグアバ)レビュー,グアバ,ベリー,グアバ||ベリー,TROY(トロイ) – BLUE GUAVA(ブルーグアバ)はCLOUD SHOPにてご購入いただけます！,,,,,False,False,,True,CLOUD SHOPにてご購入いただけます,False,False,False,,,,False,False,
R0195,Al Fakher Grenadine(グレナデン)レビュー,https://cloud-jp.net/alfakher-grenadine-review/,Al Fakher Grenadine(グレナデン)レビュー,グアバ,ベリー,グアバ||ベリー,グアバやレモン、グレープフルーツ、オレンジ、ベリー系などとミックスすれば間違いなしです。,,,,,True,False,,False,,False,False,False,,,,False,False,
R0040,MALAKI – Lemon(レモン),https://cloud-jp.net/malaki-lemon/,MALAKI – Lemon(レモン),アールグレイ,レモン,アールグレイ||レモン,MALAKI – Lemon(レモン)の特徴,,,,,False,False,,True,^[^。！？!?]*の特徴$,False,False,False,,,,False,False,
R0040,MALAKI – Lemon(レモン),https://cloud-jp.net/malaki-lemon/,MALAKI – Lemon(レモン),アールグレイ,レモン,アールグレイ||レモン,MALAKI – Lemon(レモン)のおすすめミックス,evaluation:positive,おすすめ,,,False,False,,True,^[^。！？!?]*おすすめ(?:の)?ミックス(?:・組み合わせ)?$,True,False,False,,,,False,False,
R0040,MALAKI – Lemon(レモン),https://cloud-jp.net/malaki-lemon/,MALAKI – Lemon(レモン),アールグレイ,レモン,アールグレイ||レモン,レモンのフレーバーには、数パターンあると思います。,,,,,False,False,,False,,False,False,False,,,,False,False,
R0040,MALAKI – Lemon(レモン),https://cloud-jp.net/malaki-lemon/,MALAKI – Lemon(レモン),アールグレイ,レモン,アールグレイ||レモン,例えば、お菓子のような甘みを持っているタイプのレモン、レモンの皮の味の強い再現度の高いレモンなどです。,experience:heaviness,強い,,,False,False,,False,,False,False,False,,,,False,False,
R0040,MALAKI – Lemon(レモン),https://cloud-jp.net/malaki-lemon/,MALAKI – Lemon(レモン),アールグレイ,レモン,アールグレイ||レモン,その中で言うと、マラキのレモンは、お菓子のような甘みが第一印象としては強めで、煙を吐いた後の抜けた際のレモンの再現性の高い香りが特徴です。,experience:aroma|experience:smoke,煙|香り,,,False,False,,False,,False,False,False,,,,False,False,
R0040,MALAKI – Lemon(レモン),https://cloud-jp.net/malaki-lemon/,MALAKI – Lemon(レモン),アールグレイ,レモン,アールグレイ||レモン,・ワイルド×ナワール×アールグレイ – お花と紅茶の香りを足して、ワイルドがいつものいい香りの後味をまとめてくれます。,experience:aroma,香り,,,False,False,,False,,False,False,False,,,,False,False,
R0040,MALAKI – Lemon(レモン),https://cloud-jp.net/malaki-lemon/,MALAKI – Lemon(レモン),アールグレイ,レモン,アールグレイ||レモン,MALAKI – Lemon(レモン)はCLOUD SHOPにてご購入いただけます！,,,,,False,False,,True,CLOUD SHOPにてご購入いただけます,False,False,False,,,,False,False,
R0154,TROY – LEMON BISCUIT(レモンビスケット)レビュー,https://cloud-jp.net/troy-lemonbiscuit/,TROY – LEMON BISCUIT(レモンビスケット)レビュー,アールグレイ,レモン,アールグレイ||レモン,こちらの記事では、TROY(トロイ)のLEMON BISCUIT(レモンビスケット)のフレーバーレビューをご紹介します。,,,,,False,False,,False,,False,False,False,,,,False,False,
R0154,TROY – LEMON BISCUIT(レモンビスケット)レビュー,https://cloud-jp.net/troy-lemonbiscuit/,TROY – LEMON BISCUIT(レモンビスケット)レビュー,アールグレイ,レモン,アールグレイ||レモン,Lemon Biscuitの特徴,,,,,False,False,,True,^[^。！？!?]*の特徴$,False,False,False,,,,False,False,
R0154,TROY – LEMON BISCUIT(レモンビスケット)レビュー,https://cloud-jp.net/troy-lemonbiscuit/,TROY – LEMON BISCUIT(レモンビスケット)レビュー,アールグレイ,レモン,アールグレイ||レモン,Lemon Biscuitを使ったおすすめミックス,evaluation:positive,おすすめ,,,False,False,,True,^[^。！？!?]*おすすめ(?:の)?ミックス(?:・組み合わせ)?$,True,False,False,,,,False,False,
R0154,TROY – LEMON BISCUIT(レモンビスケット)レビュー,https://cloud-jp.net/troy-lemonbiscuit/,TROY – LEMON BISCUIT(レモンビスケット)レビュー,アールグレイ,レモン,アールグレイ||レモン,TROY Lemon Biscuit は、甘味が控えめでレモンの風味、ビスケットの生地感をうまく再現しています。,,,,,False,False,,False,,False,False,False,,,,False,False,
R0154,TROY – LEMON BISCUIT(レモンビスケット)レビュー,https://cloud-jp.net/troy-lemonbiscuit/,TROY – LEMON BISCUIT(レモンビスケット)レビュー,アールグレイ,レモン,アールグレイ||レモン,レモンは、お菓子系ではなくキレのある渋み、ビターさがよく感じられ、ビスケットの生地感・小麦感と相まってレモンパイとしての再現度が高いです。,taste:bitterness,ビター,,,False,False,,False,,False,False,False,,,,False,False,
R0154,TROY – LEMON BISCUIT(レモンビスケット)レビュー,https://cloud-jp.net/troy-lemonbiscuit/,TROY – LEMON BISCUIT(レモンビスケット)レビュー,アールグレイ,レモン,アールグレイ||レモン,TROY Lemon Biscuitをつかったおすすめのミックスは、フレッシュなレモンの風味を生かしてハニーミルクなどの甘いフレーバーで優しく包み込んだり、,evaluation:positive|taste:sweetness,おすすめ|甘い,,,False,False,,True,おすすめのミックス,True,False,False,,,,False,False,
R0154,TROY – LEMON BISCUIT(レモンビスケット)レビュー,https://cloud-jp.net/troy-lemonbiscuit/,TROY – LEMON BISCUIT(レモンビスケット)レビュー,アールグレイ,レモン,アールグレイ||レモン,午後のティータイムを再現するかのようなアールグレイとのミックスもおすすめです。,evaluation:positive,おすすめ,,,False,False,,False,,True,False,False,,,,False,False,
R0154,TROY – LEMON BISCUIT(レモンビスケット)レビュー,https://cloud-jp.net/troy-lemonbiscuit/,TROY – LEMON BISCUIT(レモンビスケット)レビュー,アールグレイ,レモン,アールグレイ||レモン,TROY(トロイ) – LEMON BISCUIT(レモンビスケット)はCLOUD SHOPにてご購入いただけます！,,,,,False,False,,True,CLOUD SHOPにてご購入いただけます,False,False,False,,,,False,False,
R0060,MALAKI – Orange Mint(オレンジミント),https://cloud-jp.net/malaki-orangemint/,MALAKI – Orange Mint(オレンジミント),チョコレート,ミント,チョコレート||ミント,MALAKI – Orange Mint(オレンジミント)の特徴,,,,,False,False,,True,^[^。！？!?]*の特徴$,False,False,False,,,,False,False,
R0060,MALAKI – Orange Mint(オレンジミント),https://cloud-jp.net/malaki-orangemint/,MALAKI – Orange Mint(オレンジミント),チョコレート,ミント,チョコレート||ミント,MALAKI – Orange Mint(オレンジミント)のおすすめミックス,evaluation:positive,おすすめ,,,False,False,,True,^[^。！？!?]*おすすめ(?:の)?ミックス(?:・組み合わせ)?$,True,False,False,,,,False,False,
R0060,MALAKI – Orange Mint(オレンジミント),https://cloud-jp.net/malaki-orangemint/,MALAKI – Orange Mint(オレンジミント),チョコレート,ミント,チョコレート||ミント,ミントはマラキのミントミックスフレーバー同様、清涼感も感じられつつミントの香りもしっかりと立っている印象を受けます。,experience:aroma|experience:coolness,清涼感|香り,,,False,False,,False,,False,False,False,,,,False,False,
R0060,MALAKI – Orange Mint(オレンジミント),https://cloud-jp.net/malaki-orangemint/,MALAKI – Orange Mint(オレンジミント),チョコレート,ミント,チョコレート||ミント,ミントの清涼感が甘ったるさを消してくれます。,experience:coolness,清涼感,,,False,False,,False,,False,False,False,,,,False,False,
R0060,MALAKI – Orange Mint(オレンジミント),https://cloud-jp.net/malaki-orangemint/,MALAKI – Orange Mint(オレンジミント),チョコレート,ミント,チョコレート||ミント,・オレンジミント×チョコレート – ビターなチョコレートとのミックスでも果実の甘さと爽やかさをしっかりと保てるため、非常に優秀なミックスです。,experience:coolness|taste:bitterness,ビター|爽やか,,,False,True,ミント×チョコレート,False,,False,False,False,,,,False,False,
R0060,MALAKI – Orange Mint(オレンジミント),https://cloud-jp.net/malaki-orangemint/,MALAKI – Orange Mint(オレンジミント),チョコレート,ミント,チョコレート||ミント,MALAKI – Orange Mint(オレンジミント)はCLOUD SHOPにてご購入いただけます！,,,,,False,False,,True,CLOUD SHOPにてご購入いただけます,False,False,False,,,,False,False,
R0136,DOZAJ – Chocolate(チョコレート)レビュー,https://cloud-jp.net/dozaj-chocolate/,DOZAJ – Chocolate(チョコレート)レビュー,チョコレート,ミント,チョコレート||ミント,Chocolateの特徴,,,,,False,False,,True,^[^。！？!?]*の特徴$,False,False,False,,,,False,False,
R0136,DOZAJ – Chocolate(チョコレート)レビュー,https://cloud-jp.net/dozaj-chocolate/,DOZAJ – Chocolate(チョコレート)レビュー,チョコレート,ミント,チョコレート||ミント,Chocolateのおすすめミックス,evaluation:positive,おすすめ,,,False,False,,True,^[^。！？!?]*おすすめ(?:の)?ミックス(?:・組み合わせ)?$,True,False,False,,,,False,False,
R0136,DOZAJ – Chocolate(チョコレート)レビュー,https://cloud-jp.net/dozaj-chocolate/,DOZAJ – Chocolate(チョコレート)レビュー,チョコレート,ミント,チョコレート||ミント,たしかに煙の吐き始めは、ほんのりとチョコレートの味がするのですが、吐き終わりには特になにも感じないです。,experience:smoke,煙,,,False,False,,False,,False,False,False,,,,False,False,
R0136,DOZAJ – Chocolate(チョコレート)レビュー,https://cloud-jp.net/dozaj-chocolate/,DOZAJ – Chocolate(チョコレート)レビュー,チョコレート,ミント,チョコレート||ミント,また、ミントやアイスといった清涼感があるフレーバーとの組み合わせもチョコミントっぽく仕上がるのでチョコミン党の方は是非一度試してみてはいかがでしょうか。,experience:coolness,清涼感,,,False,False,,False,,False,False,False,,,,False,False,
R0136,DOZAJ – Chocolate(チョコレート)レビュー,https://cloud-jp.net/dozaj-chocolate/,DOZAJ – Chocolate(チョコレート)レビュー,チョコレート,ミント,チョコレート||ミント,DOZAJ(ドザジ) – Chocolate(チョコレート)はCLOUD SHOPにてご購入いただけます！,,,,,False,False,,True,CLOUD SHOPにてご購入いただけます,False,False,False,,,,False,False,
R0041,MALAKI – Double Apple Mint(ダブルアップルミント),https://cloud-jp.net/malaki-doubleapplemint/,MALAKI – Double Apple Mint(ダブルアップルミント),ダブルアップル,ミント,ダブルアップル||ミント,ダブルアップルミントは爽やかなダブルアップルとミントのミックスフレーバーです。,experience:coolness,爽やか,,,True,True,ダブルアップルとミントのミックス,False,,False,False,False,,,,False,False,
R0041,MALAKI – Double Apple Mint(ダブルアップルミント),https://cloud-jp.net/malaki-doubleapplemint/,MALAKI – Double Apple Mint(ダブルアップルミント),ダブルアップル,ミント,ダブルアップル||ミント,温度を高くするとダブルアップルの甘さは強まりますが、ミントの出方が不安定になる印象です。,,,,,True,False,,False,,False,False,False,,,,False,False,
R0162,TROY ANISE(アニス) レビュー,https://cloud-jp.net/troy-anise/,TROY ANISE(アニス) レビュー,ダブルアップル,ミント,ダブルアップル||ミント,TROY Aniseはダブルアップルの主原料として有名なアニスを再現したフレーバーになります。,,,,,False,False,,False,,False,False,False,,,,False,False,
R0162,TROY ANISE(アニス) レビュー,https://cloud-jp.net/troy-anise/,TROY ANISE(アニス) レビュー,ダブルアップル,ミント,ダブルアップル||ミント,味のイメージとしてはDozajのダブルアップルに近いと思います。,,,,,False,False,,False,,False,False,False,,,,False,False,
R0162,TROY ANISE(アニス) レビュー,https://cloud-jp.net/troy-anise/,TROY ANISE(アニス) レビュー,ダブルアップル,ミント,ダブルアップル||ミント,(個人的にはダブルアップルは高火力でも吸えるのですが、アニスに関してはちょっとしんどかったです。,,,,,False,False,,False,,False,False,False,,,,False,False,
R0162,TROY ANISE(アニス) レビュー,https://cloud-jp.net/troy-anise/,TROY ANISE(アニス) レビュー,ダブルアップル,ミント,ダブルアップル||ミント,個人的にフローラル系のTrifecta DarkのラベンダーミントやDozaj ジャスミン、Al fakher　ローズあたりが相性いいと思います。,experience:balance,相性,,,False,False,,False,,False,False,False,,,,False,False,
R0070,DOZAJ – Grape(グレープ)レビュー,https://cloud-jp.net/dozaj-grape/,DOZAJ – Grape(グレープ)レビュー,パッションフルーツ,ミント,パッションフルーツ||ミント,・グレープ×キウイフルーツ×パッションフルーツ – グレープの甘さを引き立たせるスッキリ甘いフルーツとのミックス。,taste:sweetness,甘い,,,False,False,,False,,False,False,False,,,,False,False,
R0070,DOZAJ – Grape(グレープ)レビュー,https://cloud-jp.net/dozaj-grape/,DOZAJ – Grape(グレープ)レビュー,パッションフルーツ,ミント,パッションフルーツ||ミント,・グレープ×ライム×ミント – スッキリとグレープを楽しみたい方に向けたミックス。,,,,,False,False,,False,,False,False,False,,,,False,False,
R0082,DOZAJ(ドザジ) – Passion Fruits(パッションフルーツ)レビュー,https://cloud-jp.net/dozaj-passionfruits/,DOZAJ(ドザジ) – Passion Fruits(パッションフルーツ)レビュー,パッションフルーツ,ミント,パッションフルーツ||ミント,Dozaj – Passion Fruits(パッションフルーツ)の特徴,,,,,False,False,,True,^[^。！？!?]*の特徴$,False,False,False,,,,False,False,
R0082,DOZAJ(ドザジ) – Passion Fruits(パッションフルーツ)レビュー,https://cloud-jp.net/dozaj-passionfruits/,DOZAJ(ドザジ) – Passion Fruits(パッションフルーツ)レビュー,パッションフルーツ,ミント,パッションフルーツ||ミント,Dozaj – Passion Fruits(パッションフルーツ)のおすすめミックス,evaluation:positive,おすすめ,,,False,False,,True,^[^。！？!?]*おすすめ(?:の)?ミックス(?:・組み合わせ)?$,True,False,False,,,,False,False,
R0082,DOZAJ(ドザジ) – Passion Fruits(パッションフルーツ)レビュー,https://cloud-jp.net/dozaj-passionfruits/,DOZAJ(ドザジ) – Passion Fruits(パッションフルーツ)レビュー,パッションフルーツ,ミント,パッションフルーツ||ミント,ドザジのパッションフルーツは、まったりとした甘味に酸味と苦味が表現されたフレーバーです。,taste:acidity|taste:bitterness,苦味|酸味,,,False,False,,False,,False,False,False,,,,False,False,
R0082,DOZAJ(ドザジ) – Passion Fruits(パッションフルーツ)レビュー,https://cloud-jp.net/dozaj-passionfruits/,DOZAJ(ドザジ) – Passion Fruits(パッションフルーツ)レビュー,パッションフルーツ,ミント,パッションフルーツ||ミント,ミントなどで清涼感を加えて甘味の印象を和らげてあげてもいいかもしれません。,experience:coolness,清涼感,,,False,False,,False,,False,False,False,,,,False,False,
R0040,MALAKI – Lemon(レモン),https://cloud-jp.net/malaki-lemon/,MALAKI – Lemon(レモン),バニラ,レモン,バニラ||レモン,MALAKI – Lemon(レモン)の特徴,,,,,False,False,,True,^[^。！？!?]*の特徴$,False,False,False,,,,False,False,
R0040,MALAKI – Lemon(レモン),https://cloud-jp.net/malaki-lemon/,MALAKI – Lemon(レモン),バニラ,レモン,バニラ||レモン,MALAKI – Lemon(レモン)のおすすめミックス,evaluation:positive,おすすめ,,,False,False,,True,^[^。！？!?]*おすすめ(?:の)?ミックス(?:・組み合わせ)?$,True,False,False,,,,False,False,
R0040,MALAKI – Lemon(レモン),https://cloud-jp.net/malaki-lemon/,MALAKI – Lemon(レモン),バニラ,レモン,バニラ||レモン,レモンのフレーバーには、数パターンあると思います。,,,,,False,False,,False,,False,False,False,,,,False,False,
R0040,MALAKI – Lemon(レモン),https://cloud-jp.net/malaki-lemon/,MALAKI – Lemon(レモン),バニラ,レモン,バニラ||レモン,例えば、お菓子のような甘みを持っているタイプのレモン、レモンの皮の味の強い再現度の高いレモンなどです。,experience:heaviness,強い,,,False,False,,False,,False,False,False,,,,False,False,
R0040,MALAKI – Lemon(レモン),https://cloud-jp.net/malaki-lemon/,MALAKI – Lemon(レモン),バニラ,レモン,バニラ||レモン,その中で言うと、マラキのレモンは、お菓子のような甘みが第一印象としては強めで、煙を吐いた後の抜けた際のレモンの再現性の高い香りが特徴です。,experience:aroma|experience:smoke,煙|香り,,,False,False,,False,,False,False,False,,,,False,False,
R0040,MALAKI – Lemon(レモン),https://cloud-jp.net/malaki-lemon/,MALAKI – Lemon(レモン),バニラ,レモン,バニラ||レモン,・ワイルド×バニラ×コニャック – 甘さとスモーキーな香りを重ねて上品な香りを楽しむミックス。,experience:aroma,香り,,,False,False,,False,,False,False,False,,,,False,False,
R0040,MALAKI – Lemon(レモン),https://cloud-jp.net/malaki-lemon/,MALAKI – Lemon(レモン),バニラ,レモン,バニラ||レモン,MALAKI – Lemon(レモン)はCLOUD SHOPにてご購入いただけます！,,,,,False,False,,True,CLOUD SHOPにてご購入いただけます,False,False,False,,,,False,False,
R0077,DOZAJ – Ice Cream Lemon(アイスクリームレモン)レビュー,https://cloud-jp.net/dozaj-icecreamlemon/,DOZAJ – Ice Cream Lemon(アイスクリームレモン)レビュー,バニラ,レモン,バニラ||レモン,Dozaj – Ice Cream Lemon(アイスクリームレモン)の特徴,,,,,False,False,,True,^[^。！？!?]*の特徴$,False,False,False,,,,False,False,
R0077,DOZAJ – Ice Cream Lemon(アイスクリームレモン)レビュー,https://cloud-jp.net/dozaj-icecreamlemon/,DOZAJ – Ice Cream Lemon(アイスクリームレモン)レビュー,バニラ,レモン,バニラ||レモン,Dozaj – Ice Cream Lemon(アイスクリームレモン)のおすすめミックス,evaluation:positive,おすすめ,,,False,False,,True,^[^。！？!?]*おすすめ(?:の)?ミックス(?:・組み合わせ)?$,True,False,False,,,,False,False,
R0077,DOZAJ – Ice Cream Lemon(アイスクリームレモン)レビュー,https://cloud-jp.net/dozaj-icecreamlemon/,DOZAJ – Ice Cream Lemon(アイスクリームレモン)レビュー,バニラ,レモン,バニラ||レモン,レモンのさっぱりとした酸味がまず口に広がり、履き終わりの煙の中にバニラエッセンスの甘さが感じられます。,experience:coolness|experience:smoke|taste:acidity,さっぱり|煙|酸味,,,False,False,,False,,False,False,False,,,,False,False,
R0077,DOZAJ – Ice Cream Lemon(アイスクリームレモン)レビュー,https://cloud-jp.net/dozaj-icecreamlemon/,DOZAJ – Ice Cream Lemon(アイスクリームレモン)レビュー,バニラ,レモン,バニラ||レモン,イメージとしてはレモンのジェラートのような味わいです。,,,,,False,False,,False,,False,False,False,,,,False,False,
R0077,DOZAJ – Ice Cream Lemon(アイスクリームレモン)レビュー,https://cloud-jp.net/dozaj-icecreamlemon/,DOZAJ – Ice Cream Lemon(アイスクリームレモン)レビュー,バニラ,レモン,バニラ||レモン,レモン単体の甘味ではなく、バニラの甘味で香りにアクセントをつけているのがこのフレーバーの面白いところですね。,experience:aroma,香り,,,False,False,,False,,False,False,False,,,,False,False,
R0077,DOZAJ – Ice Cream Lemon(アイスクリームレモン)レビュー,https://cloud-jp.net/dozaj-icecreamlemon/,DOZAJ – Ice Cream Lemon(アイスクリームレモン)レビュー,バニラ,レモン,バニラ||レモン,温度高めでレモンの苦味や酸味を味わいつつ、アイスクリームのしっかりとした清涼感や甘味を味わっていくのがおすすめだと思います。,evaluation:positive|experience:coolness|taste:acidity|taste:bitterness,おすすめ|清涼感|苦味|酸味,,,False,False,,False,,True,False,False,,,,False,False,
R0077,DOZAJ – Ice Cream Lemon(アイスクリームレモン)レビュー,https://cloud-jp.net/dozaj-icecreamlemon/,DOZAJ – Ice Cream Lemon(アイスクリームレモン)レビュー,バニラ,レモン,バニラ||レモン,レモン系フレーバーの中でも、レモンの味わいをしっかり感じれること、そして味の崩れにくさが個人的に推せるポイントです。,,,,,False,False,,False,,False,False,False,,,,False,False,
R0077,DOZAJ – Ice Cream Lemon(アイスクリームレモン)レビュー,https://cloud-jp.net/dozaj-icecreamlemon/,DOZAJ – Ice Cream Lemon(アイスクリームレモン)レビュー,バニラ,レモン,バニラ||レモン,ただ温度を上げた際には、レモンの身の部分というよりレモンの皮っぽい？,,,,,False,False,,False,,False,False,False,,,,False,False,
R0097,Tabu – Pomelo(ポメロ)レビュー,https://cloud-jp.net/tabu-pomelo/,Tabu – Pomelo(ポメロ)レビュー,グレープフルーツ,ミント,グレープフルーツ||ミント,筆者である私と同様、ポメロをそもそも知らない方が多いと思うので他のフルーツに例えると、吸っている時は舌でオレンジのような甘味を感じ、吐くときにグレープフルーツのような酸味・ビターさを感じます。,taste:acidity|taste:bitterness,ビター|酸味,,,False,False,,False,,False,False,False,,,,False,False,
R0097,Tabu – Pomelo(ポメロ)レビュー,https://cloud-jp.net/tabu-pomelo/,Tabu – Pomelo(ポメロ)レビュー,グレープフルーツ,ミント,グレープフルーツ||ミント,全体的にはグレープフルーツの香りにとても近い印象です。,experience:aroma,香り,,,False,False,,False,,False,False,False,,,,False,False,
R0097,Tabu – Pomelo(ポメロ)レビュー,https://cloud-jp.net/tabu-pomelo/,Tabu – Pomelo(ポメロ)レビュー,グレープフルーツ,ミント,グレープフルーツ||ミント,Tabuのポメロは、単体でも甘味、酸味、苦味を感じることのできるバランスの取れた完成度の高いフレーバーなので、単体やミントとのミックスがオススメです。,experience:balance|taste:acidity|taste:bitterness,バランス|苦味|酸味,,,False,False,,False,,False,False,False,,,,False,False,
R0097,Tabu – Pomelo(ポメロ)レビュー,https://cloud-jp.net/tabu-pomelo/,Tabu – Pomelo(ポメロ)レビュー,グレープフルーツ,ミント,グレープフルーツ||ミント,それ以外のミックスでは、buta taigaやボムシェルなどの香木系フレーバーとミックスして爽やかで上品な味わいのミックスにしたり、ライチやグレープフルーツ、パンションフルーツなどトミックスしてフルーツジューシーミックスにしたりするのもオススメです。,experience:coolness|taste:fruity,ジューシー|爽やか,,,False,False,,False,,False,False,False,,,,False,False,
R0215,TRIFECTA Twice the Ice Xレビュー,https://cloud-jp.net/trifecta-twicetheicex-review/,TRIFECTA Twice the Ice Xレビュー,グレープフルーツ,ミント,グレープフルーツ||ミント,TRトゥワイスジアイスエックスはミントのフレーバーです。,,,,,False,False,,False,,False,False,False,,,,False,False,
R0215,TRIFECTA Twice the Ice Xレビュー,https://cloud-jp.net/trifecta-twicetheicex-review/,TRIFECTA Twice the Ice Xレビュー,グレープフルーツ,ミント,グレープフルーツ||ミント,しかし、ただのミントだと勘違いしてはいけません。,,,,,False,False,,False,,False,False,False,,,,False,False,
R0215,TRIFECTA Twice the Ice Xレビュー,https://cloud-jp.net/trifecta-twicetheicex-review/,TRIFECTA Twice the Ice Xレビュー,グレープフルーツ,ミント,グレープフルーツ||ミント,ミントは吸った後も喉の清涼感が持続するほどインパクトが強く、その中にほんのりと甘みがあるような気がします。,experience:coolness,清涼感,,,False,False,,False,,False,False,False,,,,False,False,
R0215,TRIFECTA Twice the Ice Xレビュー,https://cloud-jp.net/trifecta-twicetheicex-review/,TRIFECTA Twice the Ice Xレビュー,グレープフルーツ,ミント,グレープフルーツ||ミント,TRIFECTA Twice the Ice Xを使ったMIXにはレモンやグレープフルーツ、オレンジなどの柑橘系はバッチリです。,,,,,False,False,,False,,False,False,False,,,,False,False,
R0041,MALAKI – Double Apple Mint(ダブルアップルミント),https://cloud-jp.net/malaki-doubleapplemint/,MALAKI – Double Apple Mint(ダブルアップルミント),バニラ,ミント,バニラ||ミント,MALAKI – Double Apple Mint(ダブルアップルミント)の特徴,,,,,False,False,,True,^[^。！？!?]*の特徴$,False,False,False,,,,False,False,
R0041,MALAKI – Double Apple Mint(ダブルアップルミント),https://cloud-jp.net/malaki-doubleapplemint/,MALAKI – Double Apple Mint(ダブルアップルミント),バニラ,ミント,バニラ||ミント,MALAKI – Double Apple Mint(ダブルアップルミント)のおすすめミックス,evaluation:positive,おすすめ,,,False,False,,True,^[^。！？!?]*おすすめ(?:の)?ミックス(?:・組み合わせ)?$,True,False,False,,,,False,False,
R0041,MALAKI – Double Apple Mint(ダブルアップルミント),https://cloud-jp.net/malaki-doubleapplemint/,MALAKI – Double Apple Mint(ダブルアップルミント),バニラ,ミント,バニラ||ミント,ダブルアップルミントは爽やかなダブルアップルとミントのミックスフレーバーです。,experience:coolness,爽やか,,,False,False,,False,,False,False,False,,,,False,False,
R0041,MALAKI – Double Apple Mint(ダブルアップルミント),https://cloud-jp.net/malaki-doubleapplemint/,MALAKI – Double Apple Mint(ダブルアップルミント),バニラ,ミント,バニラ||ミント,ミントの部分はハーブとメンソールの中間で、清涼感が強くミントの香りもしっかりと立っています。,experience:aroma|experience:coolness,清涼感|香り,,,False,False,,False,,False,False,False,,,,False,False,
R0041,MALAKI – Double Apple Mint(ダブルアップルミント),https://cloud-jp.net/malaki-doubleapplemint/,MALAKI – Double Apple Mint(ダブルアップルミント),バニラ,ミント,バニラ||ミント,参考までに、アルファーヘルのミントより清涼感が少し強く、ミントの香りは同じか少し弱い程度とお考えください。,evaluation:negative|experience:aroma|experience:coolness,弱い|清涼感|香り,,,False,False,,False,,False,True,False,,,,False,False,
R0041,MALAKI – Double Apple Mint(ダブルアップルミント),https://cloud-jp.net/malaki-doubleapplemint/,MALAKI – Double Apple Mint(ダブルアップルミント),バニラ,ミント,バニラ||ミント,全体として、低温～中温でミントをしっかりと活かしつつダブルアップルは爽やかな甘みを楽しむ吸い方が適していると感じます。,experience:coolness,爽やか,,,False,False,,False,,False,False,False,,,,False,False,
R0041,MALAKI – Double Apple Mint(ダブルアップルミント),https://cloud-jp.net/malaki-doubleapplemint/,MALAKI – Double Apple Mint(ダブルアップルミント),バニラ,ミント,バニラ||ミント,温度を高くするとダブルアップルの甘さは強まりますが、ミントの出方が不安定になる印象です。,,,,,False,False,,False,,False,False,False,,,,False,False,
R0041,MALAKI – Double Apple Mint(ダブルアップルミント),https://cloud-jp.net/malaki-doubleapplemint/,MALAKI – Double Apple Mint(ダブルアップルミント),バニラ,ミント,バニラ||ミント,・ダブルアップルミント×バニラ×ゴールデンデリシャスアップル – リンゴのスムージー風に、甘さを活かしつつミントの清涼感でまとめるミックスです。,experience:coolness,清涼感,,,False,True,ミント×バニラ,False,,False,False,True,action,まとめる,,False,False,
R0041,MALAKI – Double Apple Mint(ダブルアップルミント),https://cloud-jp.net/malaki-doubleapplemint/,MALAKI – Double Apple Mint(ダブルアップルミント),バニラ,ミント,バニラ||ミント,MALAKI – Double Apple Mint(ダブルアップルミント)はCLOUD SHOPにてご購入いただけます！,,,,,False,False,,True,CLOUD SHOPにてご購入いただけます,False,False,False,,,,False,False,
R0100,Tabu – Ice(アイス)レビュー,https://cloud-jp.net/tabu-ice/,Tabu – Ice(アイス)レビュー,バニラ,ミント,バニラ||ミント,また、ミントのような草っぽさが若干あり、バニラのようなクリーム系の甘さもほんのり香ります。,experience:aroma,香り,,,True,False,,False,,False,False,False,,,,False,False,
